SampleID,Location,SampleType,Plate,Well,Date,Month,mL_Filtered,pMR,plant_reads,plant_QuantIT,plant_uL_pooled,plant_ng_added,plant_norm_reads,aMR,animal_reads,animal_QuantIT,animal_uL_pooled,animal_ng_added,animal_norm_read,xMR,Coast_City,City_Town,Coast_Inland,County,long,lat,DistancetoCoast,Capacity_mgd,PopulationServedK,Per_capita_income_k,Population_density,White_percent,Black_AA_percent,AmericanIndianAlaska_percent,Asian_percent,Hawaiian_PacificIslander_percent,Mixed_percent,HispanicLatino_percent,White_nonHispanic_percent,Foreign_born_percent,High_school_percent,Bachelor_percent,Poverty_percent,CountyBrewery,CityBrewery,HealthInsured_19less,HealthInsured_18_64,FoodInsecure_rate,ChildFoodInsecure,CostPerMeal,InsuredPercent_under19yr,InsuredPercent_18_64,FoodInsecure_percent,LimitedHealthyFoodsAccess_percent,RuralArea_percent,Obesity_20yr_percent,AdultObesity_percent,FoodEnvironmentIndex,ExcessiveDrinking_percent,DrunkDrivingDeaths_percent,Lowbirthweight_percent,Diabetes_20yr_percent,NewDiabetes_perk_20yr
NCWW121720_1,Newport,WasteWater,NCWW121720,A01,5/26/2020,5,100,7,20012,0.773,15,11.595,20012,1,45354,0.623,15,9.35,135989,8,Coast_Town,Town,Coast,carteret,-76.86373,34.78416,0,1.2,16.622,25.448,51.48595304,0.66,0.179,0.008,0.036,0.005,0.079,0.164,0.568,0.044,0.938,0.166,0.131,5,1,94.8,86.3,11.7,12,4.03,94.8,86.3,13.8,7.066670345,32.60316839,25.8,33.5,7.5,19.72813577,21.05263158,7.377666248,7.5,11.6
NCWW121720_9,Greenville,WasteWater,NCWW121720,A02,9/10/2020,9,100,25,17330,3.858,3.110419907,12,83574,3,13358,1.674,7.17,12,83855,28,Inland_City,City,Inland,pitt,-77.30678,35.60849,80,17.5,89.616,28.424,264.9765643,0.525,0.392,0.003,0.025,0,0.034,0.043,0.508,0.04,0.928,0.389,0.262,5,2,95.1,85.1,13.1,20.9,3.74,95.1,85.1,16.1,3.156236291,25.43592549,38.8,39.1,7.4,16.51850136,21.10091743,10.46766033,9,10.7
NCWW121720_17,Greenville,WasteWater,NCWW121720,A03,10/7/2020,10,100,44,20489,5.332,2.250562641,12,136559,8,74164,3.578,3.35,12,995095,52,Inland_City,City,Inland,pitt,-77.30678,35.60849,80,17.5,89.616,28.424,264.9765643,0.525,0.392,0.003,0.025,0,0.034,0.043,0.508,0.04,0.928,0.389,0.262,5,2,95.1,85.1,13.1,20.9,3.74,95.1,85.1,16.1,3.156236291,25.43592549,38.8,39.1,7.4,16.51850136,21.10091743,10.46766033,9,10.7
NCWW121720_25,Greenville,WasteWater,NCWW121720,A04,10/28/2020,10,100,37,5164,0.28,15,4.2,5164,7,28453,1.05,11.43,12,112034,44,Inland_City,City,Inland,pitt,-77.30678,35.60849,80,17.5,89.616,28.424,264.9765643,0.525,0.392,0.003,0.025,0,0.034,0.043,0.508,0.04,0.928,0.389,0.262,5,2,95.1,85.1,13.1,20.9,3.74,95.1,85.1,16.1,3.156236291,25.43592549,38.8,39.1,7.4,16.51850136,21.10091743,10.46766033,9,10.7
NCWW121720_33,Greenville,WasteWater,NCWW121720,A05,11/11/2020,11,100,48,27702,1.324,9.063444109,12,45847,6,58660,7.284,1.65,12,1602298,54,Inland_City,City,Inland,pitt,-77.30678,35.60849,80,17.5,89.616,28.424,264.9765643,0.525,0.392,0.003,0.025,0,0.034,0.043,0.508,0.04,0.928,0.389,0.262,5,2,95.1,85.1,13.1,20.9,3.74,95.1,85.1,16.1,3.156236291,25.43592549,38.8,39.1,7.4,16.51850136,21.10091743,10.46766033,9,10.7
NCWW121720_41,Greenville,WasteWater,NCWW121720,A06,12/9/2020,12,100,20,19678,0.834,14.38848921,12,20514,3,57169,0.807,14.87,12,173008,23,Inland_City,City,Inland,pitt,-77.30678,35.60849,80,17.5,89.616,28.424,264.9765643,0.525,0.392,0.003,0.025,0,0.034,0.043,0.508,0.04,0.928,0.389,0.262,5,2,95.1,85.1,13.1,20.9,3.74,95.1,85.1,16.1,3.156236291,25.43592549,38.8,39.1,7.4,16.51850136,21.10091743,10.46766033,9,10.7
NCWW121720_49,Beaufort,WasteWater,NCWW121720,A07,12/15/2020,12,100,40,15259,0.556,15,8.34,15259,5,45530,10.675,1.12,12,1822623,45,Coast_Town,Town,Coast,carteret,-76.6383,34.7173,0,1.5,3.5,29.322,51.48595304,0.725,0.238,0.012,0.006,0.001,0.019,0.085,0.662,0.036,0.877,0.204,0.201,5,2,94.8,86.3,11.7,12,4.03,94.8,86.3,13.8,7.066670345,32.60316839,25.8,33.5,7.5,19.72813577,21.05263158,7.377666248,7.5,11.6
NCWW121720_57,Greenville,WasteWater,NCWW121720,A08,11/18/2020,11,100,29,19370,0.934,12.84796574,12,22614,3,15987,2.531,4.74,12,151737,32,Inland_City,City,Inland,pitt,-77.30678,35.60849,80,17.5,89.616,28.424,264.9765643,0.525,0.392,0.003,0.025,0,0.034,0.043,0.508,0.04,0.928,0.389,0.262,5,2,95.1,85.1,13.1,20.9,3.74,95.1,85.1,16.1,3.156236291,25.43592549,38.8,39.1,7.4,16.51850136,21.10091743,10.46766033,9,10.7
NCWW121720_65,Beaufort,WasteWater,NCWW121720,A09,12/8/2020,12,100,43,43943,3.06,3.921568627,12,168082,6,25200,2.438,4.92,12,230391,49,Coast_Town,Town,Coast,carteret,-76.6383,34.7173,0,1.5,3.5,29.322,51.48595304,0.725,0.238,0.012,0.006,0.001,0.019,0.085,0.662,0.036,0.877,0.204,0.201,5,2,94.8,86.3,11.7,12,4.03,94.8,86.3,13.8,7.066670345,32.60316839,25.8,33.5,7.5,19.72813577,21.05263158,7.377666248,7.5,11.6
NCWW022621_4,Charlotte 2,WasteWater,NCWW022621,D01,12/19/2020,12,20,73,25161,2.152,5.576208178,12,338415,17,66199,0.981,12.23,12,1217648,90,Inland_City,City,Inland,mecklenburg,-80.85082,35.15177,200,28,182.501,43.08,2067.052728,0.447,0.352,0.004,0.065,0,0.059,0.149,0.402,0.173,0.897,0.457,0.116,40,33,95.3,85.1,9.1,13.7,4.19,95.3,85.1,12,5.44594115,1.065430805,30.4,28.9,8,18.09498059,34.07258065,9.435019364,9.8,7.5
NCWW121720_2,Newport,WasteWater,NCWW121720,B01,6/22/2020,6,100,6,5860,0.236,15,3.54,5860,2,19473,0.636,15,9.54,58419,8,Coast_Town,Town,Coast,carteret,-76.86373,34.78416,0,1.2,16.622,25.448,51.48595304,0.66,0.179,0.008,0.036,0.005,0.079,0.164,0.568,0.044,0.938,0.166,0.131,5,1,94.8,86.3,11.7,12,4.03,94.8,86.3,13.8,7.066670345,32.60316839,25.8,33.5,7.5,19.72813577,21.05263158,7.377666248,7.5,11.6
NCWW121720_10,Greenville,WasteWater,NCWW121720,B02,9/16/2020,9,100,1,159,0.183,15,2.745,159,1,2797,4.748,2.53,12,49801,2,Inland_City,City,Inland,pitt,-77.30678,35.60849,80,17.5,89.616,28.424,264.9765643,0.525,0.392,0.003,0.025,0,0.034,0.043,0.508,0.04,0.928,0.389,0.262,5,2,95.1,85.1,13.1,20.9,3.74,95.1,85.1,16.1,3.156236291,25.43592549,38.8,39.1,7.4,16.51850136,21.10091743,10.46766033,9,10.7
NCWW121720_18,Beaufort,WasteWater,NCWW121720,B03,10/13/2020,10,100,5,2706,0.088,15,1.32,2706,10,88067,6.471,1.85,12,2137056,15,Coast_Town,Town,Coast,carteret,-76.6383,34.7173,0,1.5,3.5,29.322,51.48595304,0.725,0.238,0.012,0.006,0.001,0.019,0.085,0.662,0.036,0.877,0.204,0.201,5,2,94.8,86.3,11.7,12,4.03,94.8,86.3,13.8,7.066670345,32.60316839,25.8,33.5,7.5,19.72813577,21.05263158,7.377666248,7.5,11.6
NCWW121720_26,Newport,WasteWater,NCWW121720,B04,10/28/2020,10,100,27,4647,0.238,15,3.57,4647,9,40746,0.528,15,7.92,122238,36,Coast_Town,Town,Coast,carteret,-76.86373,34.78416,0,1.2,16.622,25.448,51.48595304,0.66,0.179,0.008,0.036,0.005,0.079,0.164,0.568,0.044,0.938,0.166,0.131,5,1,94.8,86.3,11.7,12,4.03,94.8,86.3,13.8,7.066670345,32.60316839,25.8,33.5,7.5,19.72813577,21.05263158,7.377666248,7.5,11.6
NCWW121720_34,Beaufort,WasteWater,NCWW121720,B05,11/19/2020,11,100,27,21893,0.734,15,11.01,21893,5,11395,1.31,9.16,12,55978,32,Coast_Town,Town,Coast,carteret,-76.6383,34.7173,0,1.5,3.5,29.322,51.48595304,0.725,0.238,0.012,0.006,0.001,0.019,0.085,0.662,0.036,0.877,0.204,0.201,5,2,94.8,86.3,11.7,12,4.03,94.8,86.3,13.8,7.066670345,32.60316839,25.8,33.5,7.5,19.72813577,21.05263158,7.377666248,7.5,11.6
NCWW121720_42,Greenville,WasteWater,NCWW121720,B06,12/16/2020,12,100,49,44129,1.595,7.523510972,12,87982,12,71573,11.248,1.07,12,3018949,61,Inland_City,City,Inland,pitt,-77.30678,35.60849,80,17.5,89.616,28.424,264.9765643,0.525,0.392,0.003,0.025,0,0.034,0.043,0.508,0.04,0.928,0.389,0.262,5,2,95.1,85.1,13.1,20.9,3.74,95.1,85.1,16.1,3.156236291,25.43592549,38.8,39.1,7.4,16.51850136,21.10091743,10.46766033,9,10.7
NCWW121720_50,Morehead City,WasteWater,NCWW121720,B07,12/15/2020,12,100,44,25663,1.567,7.657945118,12,50267,8,43130,2.258,5.31,12,365203,52,Coast_Town,Town,Coast,carteret,-76.7378,34.734,0,10,5.5,36.434,51.48595304,89.05,4.9274,0.3061,1.13,0.07067,2.94,4.34627,86.2,2.69,93.4,37.2,9.2,5,1,94.8,86.3,11.7,12,4.03,94.8,86.3,13.8,7.066670345,32.60316839,25.8,33.5,7.5,19.72813577,21.05263158,7.377666248,7.5,11.6
NCWW121720_58,Greenville,WasteWater,NCWW121720,B08,11/25/2020,11,100,16,7157,0.294,15,4.41,7157,12,24641,1.834,6.54,12,169468,28,Inland_City,City,Inland,pitt,-77.30678,35.60849,80,17.5,89.616,28.424,264.9765643,0.525,0.392,0.003,0.025,0,0.034,0.043,0.508,0.04,0.928,0.389,0.262,5,2,95.1,85.1,13.1,20.9,3.74,95.1,85.1,16.1,3.156236291,25.43592549,38.8,39.1,7.4,16.51850136,21.10091743,10.46766033,9,10.7
NCWW121720_66,Morehead City,WasteWater,NCWW121720,B09,12/8/2020,12,100,38,32255,1.198,10.01669449,12,48302,7,30788,0.666,15,9.99,92364,45,Coast_Town,Town,Coast,carteret,-76.7378,34.734,0,10,5.5,36.434,51.48595304,89.05,4.9274,0.3061,1.13,0.07067,2.94,4.34627,86.2,2.69,93.4,37.2,9.2,5,1,94.8,86.3,11.7,12,4.03,94.8,86.3,13.8,7.066670345,32.60316839,25.8,33.5,7.5,19.72813577,21.05263158,7.377666248,7.5,11.6
NCWW022621_5,Charlotte 1,WasteWater,NCWW022621,E01,12/14/2020,12,20,68,35335,3.144,3.816793893,12,694333,8,37659,1.512,7.94,12,1067633,76,Inland_City,City,Inland,mecklenburg,-80.94343,35.38233,200,12,68.685,48.72,2067.052728,0.761,0.124,0.001,0.042,0,0.052,0.072,0.724,0.094,0.966,0.555,0.042,40,33,95.3,85.1,9.1,13.7,4.19,95.3,85.1,12,5.44594115,1.065430805,30.4,28.9,8,18.09498059,34.07258065,9.435019364,9.8,7.5
NCWW121720_3,Morehead City,WasteWater,NCWW121720,C01,6/28/2020,6,100,44,6802,0.244,15,3.66,6802,18,49298,1.006,11.93,12,185977,62,Coast_Town,Town,Coast,carteret,-76.7378,34.734,0,10,5.5,36.434,51.48595304,89.05,4.9274,0.3061,1.13,0.07067,2.94,4.34627,86.2,2.69,93.4,37.2,9.2,5,1,94.8,86.3,11.7,12,4.03,94.8,86.3,13.8,7.066670345,32.60316839,25.8,33.5,7.5,19.72813577,21.05263158,7.377666248,7.5,11.6
NCWW121720_11,Morehead City,WasteWater,NCWW121720,C02,9/22/2020,9,100,41,8024,0.622,15,9.33,8024,9,20260,12.598,1,12.6,911555,50,Coast_Town,Town,Coast,carteret,-76.7378,34.734,0,10,5.5,36.434,51.48595304,89.05,4.9274,0.3061,1.13,0.07067,2.94,4.34627,86.2,2.69,93.4,37.2,9.2,5,1,94.8,86.3,11.7,12,4.03,94.8,86.3,13.8,7.066670345,32.60316839,25.8,33.5,7.5,19.72813577,21.05263158,7.377666248,7.5,11.6
NCWW121720_19,Greenville,WasteWater,NCWW121720,C03,10/14/2020,10,100,42,32590,6.601,1.817906378,12,268908,5,45781,1.264,9.49,12,217002,47,Inland_City,City,Inland,pitt,-77.30678,35.60849,80,17.5,89.616,28.424,264.9765643,0.525,0.392,0.003,0.025,0,0.034,0.043,0.508,0.04,0.928,0.389,0.262,5,2,95.1,85.1,13.1,20.9,3.74,95.1,85.1,16.1,3.156236291,25.43592549,38.8,39.1,7.4,16.51850136,21.10091743,10.46766033,9,10.7
NCWW121720_27,Beaufort,WasteWater,NCWW121720,C04,11/3/2020,11,100,3,453,0.024,15,0.36,453,9,21779,1.637,7.33,12,133696,12,Coast_Town,Town,Coast,carteret,-76.6383,34.7173,0,1.5,3.5,29.322,51.48595304,0.725,0.238,0.012,0.006,0.001,0.019,0.085,0.662,0.036,0.877,0.204,0.201,5,2,94.8,86.3,11.7,12,4.03,94.8,86.3,13.8,7.066670345,32.60316839,25.8,33.5,7.5,19.72813577,21.05263158,7.377666248,7.5,11.6
NCWW121720_35,Newport,WasteWater,NCWW121720,C05,11/19/2020,11,100,45,28879,5.886,2.038735984,12,212477,9,52607,0.839,14.3,12,165515,54,Coast_Town,Town,Coast,carteret,-76.86373,34.78416,0,1.2,16.622,25.448,51.48595304,0.66,0.179,0.008,0.036,0.005,0.079,0.164,0.568,0.044,0.938,0.166,0.131,5,1,94.8,86.3,11.7,12,4.03,94.8,86.3,13.8,7.066670345,32.60316839,25.8,33.5,7.5,19.72813577,21.05263158,7.377666248,7.5,11.6
NCWW121720_43,Beaufort,WasteWater,NCWW121720,C06,12/1/2020,12,100,42,40062,1.226,9.787928222,12,61395,6,23743,0.702,15,10.53,71229,48,Coast_Town,Town,Coast,carteret,-76.6383,34.7173,0,1.5,3.5,29.322,51.48595304,0.725,0.238,0.012,0.006,0.001,0.019,0.085,0.662,0.036,0.877,0.204,0.201,5,2,94.8,86.3,11.7,12,4.03,94.8,86.3,13.8,7.066670345,32.60316839,25.8,33.5,7.5,19.72813577,21.05263158,7.377666248,7.5,11.6
NCWW121720_51,Newport,WasteWater,NCWW121720,C07,12/15/2020,12,100,49,25820,1.189,10.09251472,12,38375,8,53353,0.911,13.17,12,182267,57,Coast_Town,Town,Coast,carteret,-76.86373,34.78416,0,1.2,16.622,25.448,51.48595304,0.66,0.179,0.008,0.036,0.005,0.079,0.164,0.568,0.044,0.938,0.166,0.131,5,1,94.8,86.3,11.7,12,4.03,94.8,86.3,13.8,7.066670345,32.60316839,25.8,33.5,7.5,19.72813577,21.05263158,7.377666248,7.5,11.6
NCWW121720_59,Greenville,WasteWater,NCWW121720,C08,12/2/2020,12,100,28,10428,0.371,15,5.565,10428,6,29491,2.168,5.54,12,239762,34,Inland_City,City,Inland,pitt,-77.30678,35.60849,80,17.5,89.616,28.424,264.9765643,0.525,0.392,0.003,0.025,0,0.034,0.043,0.508,0.04,0.928,0.389,0.262,5,2,95.1,85.1,13.1,20.9,3.74,95.1,85.1,16.1,3.156236291,25.43592549,38.8,39.1,7.4,16.51850136,21.10091743,10.46766033,9,10.7
NCWW121720_67,Newport,WasteWater,NCWW121720,C09,12/9/2020,12,100,20,6120,0.134,15,2.01,6120,3,28355,1.659,7.23,12,176404,23,Coast_Town,Town,Coast,carteret,-76.86373,34.78416,0,1.2,16.622,25.448,51.48595304,0.66,0.179,0.008,0.036,0.005,0.079,0.164,0.568,0.044,0.938,0.166,0.131,5,1,94.8,86.3,11.7,12,4.03,94.8,86.3,13.8,7.066670345,32.60316839,25.8,33.5,7.5,19.72813577,21.05263158,7.377666248,7.5,11.6
NCWW022621_6,Charlotte 2,WasteWater,NCWW022621,F01,12/9/2020,12,20,65,32460,3.515,3.413940256,12,713106,18,68868,0.803,14.94,12,1036894,83,Inland_City,City,Inland,mecklenburg,-80.85082,35.15177,200,28,182.501,43.08,2067.052728,0.447,0.352,0.004,0.065,0,0.059,0.149,0.402,0.173,0.897,0.457,0.116,40,33,95.3,85.1,9.1,13.7,4.19,95.3,85.1,12,5.44594115,1.065430805,30.4,28.9,8,18.09498059,34.07258065,9.435019364,9.8,7.5
NCWW121720_4,Beaufort,WasteWater,NCWW121720,D01,8/5/2020,8,100,51,22980,0.884,13.57466063,12,25393,9,27497,0.42,15,6.3,82491,60,Coast_Town,Town,Coast,carteret,-76.6383,34.7173,0,1.5,3.5,29.322,51.48595304,0.725,0.238,0.012,0.006,0.001,0.019,0.085,0.662,0.036,0.877,0.204,0.201,5,2,94.8,86.3,11.7,12,4.03,94.8,86.3,13.8,7.066670345,32.60316839,25.8,33.5,7.5,19.72813577,21.05263158,7.377666248,7.5,11.6
NCWW121720_12,Newport,WasteWater,NCWW121720,D02,9/22/2020,9,100,34,6905,0.505,15,7.575,6905,6,17888,8.214,1.46,12,550995,40,Coast_Town,Town,Coast,carteret,-76.86373,34.78416,0,1.2,16.622,25.448,51.48595304,0.66,0.179,0.008,0.036,0.005,0.079,0.164,0.568,0.044,0.938,0.166,0.131,5,1,94.8,86.3,11.7,12,4.03,94.8,86.3,13.8,7.066670345,32.60316839,25.8,33.5,7.5,19.72813577,21.05263158,7.377666248,7.5,11.6
NCWW121720_20,Newport,WasteWater,NCWW121720,D03,10/14/2020,10,100,48,32872,8.307,1.444564825,12,341335,9,50842,1.231,9.75,12,234699,57,Coast_Town,Town,Coast,carteret,-76.86373,34.78416,0,1.2,16.622,25.448,51.48595304,0.66,0.179,0.008,0.036,0.005,0.079,0.164,0.568,0.044,0.938,0.166,0.131,5,1,94.8,86.3,11.7,12,4.03,94.8,86.3,13.8,7.066670345,32.60316839,25.8,33.5,7.5,19.72813577,21.05263158,7.377666248,7.5,11.6
NCWW121720_28,Newport,WasteWater,NCWW121720,D04,11/3/2020,11,100,22,4062,0.318,15,4.77,4062,11,30594,0.666,15,9.99,91782,33,Coast_Town,Town,Coast,carteret,-76.86373,34.78416,0,1.2,16.622,25.448,51.48595304,0.66,0.179,0.008,0.036,0.005,0.079,0.164,0.568,0.044,0.938,0.166,0.131,5,1,94.8,86.3,11.7,12,4.03,94.8,86.3,13.8,7.066670345,32.60316839,25.8,33.5,7.5,19.72813577,21.05263158,7.377666248,7.5,11.6
NCWW121720_36,Beaufort,WasteWater,NCWW121720,D05,11/24/2020,11,100,20,12879,0.483,15,7.245,12879,4,19015,0.479,15,7.19,57005,24,Coast_Town,Town,Coast,carteret,-76.6383,34.7173,0,1.5,3.5,29.322,51.48595304,0.725,0.238,0.012,0.006,0.001,0.019,0.085,0.662,0.036,0.877,0.204,0.201,5,2,94.8,86.3,11.7,12,4.03,94.8,86.3,13.8,7.066670345,32.60316839,25.8,33.5,7.5,19.72813577,21.05263158,7.377666248,7.5,11.6
NCWW121720_44,Morehead City,WasteWater,NCWW121720,D06,12/1/2020,12,100,41,20122,0.763,15,11.445,20122,11,79471,2.946,4.07,12,877956,52,Coast_Town,Town,Coast,carteret,-76.7378,34.734,0,10,5.5,36.434,51.48595304,89.05,4.9274,0.3061,1.13,0.07067,2.94,4.34627,86.2,2.69,93.4,37.2,9.2,5,1,94.8,86.3,11.7,12,4.03,94.8,86.3,13.8,7.066670345,32.60316839,25.8,33.5,7.5,19.72813577,21.05263158,7.377666248,7.5,11.6
NCWW121720_60,Greenville,WasteWater,NCWW121720,D08,12/9/2020,12,100,22,6488,0.228,15,3.42,6488,4,22329,9.733,1.23,12,814981,26,Inland_City,City,Inland,pitt,-77.30678,35.60849,80,17.5,89.616,28.424,264.9765643,0.525,0.392,0.003,0.025,0,0.034,0.043,0.508,0.04,0.928,0.389,0.262,5,2,95.1,85.1,13.1,20.9,3.74,95.1,85.1,16.1,3.156236291,25.43592549,38.8,39.1,7.4,16.51850136,21.10091743,10.46766033,9,10.7
NCWW121720_68,Beaufort,WasteWater,NCWW121720,D09,12/15/2020,12,100,35,26476,0.677,15,10.155,26476,6,29178,0.287,15,4.31,87432,41,Coast_Town,Town,Coast,carteret,-76.6383,34.7173,0,1.5,3.5,29.322,51.48595304,0.725,0.238,0.012,0.006,0.001,0.019,0.085,0.662,0.036,0.877,0.204,0.201,5,2,94.8,86.3,11.7,12,4.03,94.8,86.3,13.8,7.066670345,32.60316839,25.8,33.5,7.5,19.72813577,21.05263158,7.377666248,7.5,11.6
NCWW022621_7,Charlotte 1,WasteWater,NCWW022621,G01,12/9/2020,12,20,59,28492,1.699,7.062978222,12,302549,7,63604,0.89,13.48,12,1061392,66,Inland_City,City,Inland,mecklenburg,-80.94343,35.38233,200,12,68.685,48.72,2067.052728,0.761,0.124,0.001,0.042,0,0.052,0.072,0.724,0.094,0.966,0.555,0.042,40,33,95.3,85.1,9.1,13.7,4.19,95.3,85.1,12,5.44594115,1.065430805,30.4,28.9,8,18.09498059,34.07258065,9.435019364,9.8,7.5
NCWW121720_5,Morehead City,WasteWater,NCWW121720,E01,8/5/2020,8,100,46,30211,2.222,5.400540054,12,83911,13,50454,3.04,3.95,12,575176,59,Coast_Town,Town,Coast,carteret,-76.7378,34.734,0,10,5.5,36.434,51.48595304,89.05,4.9274,0.3061,1.13,0.07067,2.94,4.34627,86.2,2.69,93.4,37.2,9.2,5,1,94.8,86.3,11.7,12,4.03,94.8,86.3,13.8,7.066670345,32.60316839,25.8,33.5,7.5,19.72813577,21.05263158,7.377666248,7.5,11.6
NCWW121720_13,Greenville,WasteWater,NCWW121720,E02,9/23/2020,9,100,26,10758,1.066,11.25703565,12,14335,4,12433,12.051,1,12.05,559531,30,Inland_City,City,Inland,pitt,-77.30678,35.60849,80,17.5,89.616,28.424,264.9765643,0.525,0.392,0.003,0.025,0,0.034,0.043,0.508,0.04,0.928,0.389,0.262,5,2,95.1,85.1,13.1,20.9,3.74,95.1,85.1,16.1,3.156236291,25.43592549,38.8,39.1,7.4,16.51850136,21.10091743,10.46766033,9,10.7
NCWW121720_21,Beaufort,WasteWater,NCWW121720,E03,10/20/2020,10,100,11,10288,0.276,15,4.14,10288,6,84834,0.413,15,6.2,254297,17,Coast_Town,Town,Coast,carteret,-76.6383,34.7173,0,1.5,3.5,29.322,51.48595304,0.725,0.238,0.012,0.006,0.001,0.019,0.085,0.662,0.036,0.877,0.204,0.201,5,2,94.8,86.3,11.7,12,4.03,94.8,86.3,13.8,7.066670345,32.60316839,25.8,33.5,7.5,19.72813577,21.05263158,7.377666248,7.5,11.6
NCWW121720_29,Greenville,WasteWater,NCWW121720,E04,11/4/2020,11,100,42,10437,0.688,15,10.32,10437,6,5451,1.209,9.93,12,24713,48,Inland_City,City,Inland,pitt,-77.30678,35.60849,80,17.5,89.616,28.424,264.9765643,0.525,0.392,0.003,0.025,0,0.034,0.043,0.508,0.04,0.928,0.389,0.262,5,2,95.1,85.1,13.1,20.9,3.74,95.1,85.1,16.1,3.156236291,25.43592549,38.8,39.1,7.4,16.51850136,21.10091743,10.46766033,9,10.7
NCWW121720_37,Newport,WasteWater,NCWW121720,E05,11/24/2020,11,100,47,23903,1.795,6.685236769,12,53632,8,31368,2.293,5.23,12,269726,55,Coast_Town,Town,Coast,carteret,-76.86373,34.78416,0,1.2,16.622,25.448,51.48595304,0.66,0.179,0.008,0.036,0.005,0.079,0.164,0.568,0.044,0.938,0.166,0.131,5,1,94.8,86.3,11.7,12,4.03,94.8,86.3,13.8,7.066670345,32.60316839,25.8,33.5,7.5,19.72813577,21.05263158,7.377666248,7.5,11.6
NCWW121720_45,Newport,WasteWater,NCWW121720,E06,12/1/2020,12,100,46,30128,1.667,7.198560288,12,62779,7,61343,5.022,2.39,12,1155242,53,Coast_Town,Town,Coast,carteret,-76.86373,34.78416,0,1.2,16.622,25.448,51.48595304,0.66,0.179,0.008,0.036,0.005,0.079,0.164,0.568,0.044,0.938,0.166,0.131,5,1,94.8,86.3,11.7,12,4.03,94.8,86.3,13.8,7.066670345,32.60316839,25.8,33.5,7.5,19.72813577,21.05263158,7.377666248,7.5,11.6
NCWW121720_53,Beaufort,WasteWater,NCWW121720,E07,7/14/2020,7,100,31,7012,0.217,15,3.255,7012,7,53529,1.096,10.95,12,220004,38,Coast_Town,Town,Coast,carteret,-76.6383,34.7173,0,1.5,3.5,29.322,51.48595304,0.725,0.238,0.012,0.006,0.001,0.019,0.085,0.662,0.036,0.877,0.204,0.201,5,2,94.8,86.3,11.7,12,4.03,94.8,86.3,13.8,7.066670345,32.60316839,25.8,33.5,7.5,19.72813577,21.05263158,7.377666248,7.5,11.6
NCWW121720_61,Greenville,WasteWater,NCWW121720,E08,12/16/2020,12,100,49,23952,1.38,8.695652174,12,41317,9,31118,1.546,7.76,12,180407,58,Inland_City,City,Inland,pitt,-77.30678,35.60849,80,17.5,89.616,28.424,264.9765643,0.525,0.392,0.003,0.025,0,0.034,0.043,0.508,0.04,0.928,0.389,0.262,5,2,95.1,85.1,13.1,20.9,3.74,95.1,85.1,16.1,3.156236291,25.43592549,38.8,39.1,7.4,16.51850136,21.10091743,10.46766033,9,10.7
NCWW121720_69,Morehead City,WasteWater,NCWW121720,E09,12/15/2020,12,100,48,14509,1.845,6.504065041,12,33461,10,57598,1.594,7.53,12,344292,58,Coast_Town,Town,Coast,carteret,-76.7378,34.734,0,10,5.5,36.434,51.48595304,89.05,4.9274,0.3061,1.13,0.07067,2.94,4.34627,86.2,2.69,93.4,37.2,9.2,5,1,94.8,86.3,11.7,12,4.03,94.8,86.3,13.8,7.066670345,32.60316839,25.8,33.5,7.5,19.72813577,21.05263158,7.377666248,7.5,11.6
NCWW022621_8,Charlotte 3,WasteWater,NCWW022621,H01,12/9/2020,12,20,57,25974,4.084,2.938295788,12,662986,9,38443,0.207,15,3.11,575718,66,Inland_City,City,Inland,mecklenburg,-80.7036,35.33996,200,12,120,39.313,2067.052728,0.64,0.168,0,0.108,0,0.068,0.09,0.59,0.113,0.961,0.515,0.028,40,33,95.3,85.1,9.1,13.7,4.19,95.3,85.1,12,5.44594115,1.065430805,30.4,28.9,8,18.09498059,34.07258065,9.435019364,9.8,7.5
NCWW121720_6,Beaufort,WasteWater,NCWW121720,F01,8/28/2020,8,100,5,710,0.014,15,0.21,710,7,52965,1.104,10.87,12,219275,12,Coast_Town,Town,Coast,carteret,-76.6383,34.7173,0,1.5,3.5,29.322,51.48595304,0.725,0.238,0.012,0.006,0.001,0.019,0.085,0.662,0.036,0.877,0.204,0.201,5,2,94.8,86.3,11.7,12,4.03,94.8,86.3,13.8,7.066670345,32.60316839,25.8,33.5,7.5,19.72813577,21.05263158,7.377666248,7.5,11.6
NCWW121720_14,Newport,WasteWater,NCWW121720,F02,9/29/2020,9,100,47,10171,3.42,3.50877193,12,43481,12,19433,1.87,6.42,12,136274,59,Coast_Town,Town,Coast,carteret,-76.86373,34.78416,0,1.2,16.622,25.448,51.48595304,0.66,0.179,0.008,0.036,0.005,0.079,0.164,0.568,0.044,0.938,0.166,0.131,5,1,94.8,86.3,11.7,12,4.03,94.8,86.3,13.8,7.066670345,32.60316839,25.8,33.5,7.5,19.72813577,21.05263158,7.377666248,7.5,11.6
NCWW121720_22,Newport,WasteWater,NCWW121720,F03,10/20/2020,10,100,44,28500,2.826,4.246284501,12,100676,7,57163,0.682,15,10.23,171489,51,Coast_Town,Town,Coast,carteret,-76.86373,34.78416,0,1.2,16.622,25.448,51.48595304,0.66,0.179,0.008,0.036,0.005,0.079,0.164,0.568,0.044,0.938,0.166,0.131,5,1,94.8,86.3,11.7,12,4.03,94.8,86.3,13.8,7.066670345,32.60316839,25.8,33.5,7.5,19.72813577,21.05263158,7.377666248,7.5,11.6
NCWW121720_30,Beaufort,WasteWater,NCWW121720,F04,11/10/2020,11,100,23,1864,0.171,15,2.565,1864,5,18878,0.612,15,9.18,56634,28,Coast_Town,Town,Coast,carteret,-76.6383,34.7173,0,1.5,3.5,29.322,51.48595304,0.725,0.238,0.012,0.006,0.001,0.019,0.085,0.662,0.036,0.877,0.204,0.201,5,2,94.8,86.3,11.7,12,4.03,94.8,86.3,13.8,7.066670345,32.60316839,25.8,33.5,7.5,19.72813577,21.05263158,7.377666248,7.5,11.6
NCWW121720_38,Greenville,WasteWater,NCWW121720,F05,11/18/2020,11,100,28,21777,0.772,15,11.58,21777,5,13439,2.194,5.47,12,110569,33,Inland_City,City,Inland,pitt,-77.30678,35.60849,80,17.5,89.616,28.424,264.9765643,0.525,0.392,0.003,0.025,0,0.034,0.043,0.508,0.04,0.928,0.389,0.262,5,2,95.1,85.1,13.1,20.9,3.74,95.1,85.1,16.1,3.156236291,25.43592549,38.8,39.1,7.4,16.51850136,21.10091743,10.46766033,9,10.7
NCWW121720_46,Beaufort,WasteWater,NCWW121720,F06,12/8/2020,12,100,47,31983,0.937,12.80683031,12,37460,5,22124,2.291,5.24,12,190073,52,Coast_Town,Town,Coast,carteret,-76.6383,34.7173,0,1.5,3.5,29.322,51.48595304,0.725,0.238,0.012,0.006,0.001,0.019,0.085,0.662,0.036,0.877,0.204,0.201,5,2,94.8,86.3,11.7,12,4.03,94.8,86.3,13.8,7.066670345,32.60316839,25.8,33.5,7.5,19.72813577,21.05263158,7.377666248,7.5,11.6
NCWW121720_54,Morehead City,WasteWater,NCWW121720,F07,7/6/2020,7,100,46,7606,1.766,6.795016988,12,16790,6,48486,1.758,6.83,12,319644,52,Coast_Town,Town,Coast,carteret,-76.7378,34.734,0,10,5.5,36.434,51.48595304,89.05,4.9274,0.3061,1.13,0.07067,2.94,4.34627,86.2,2.69,93.4,37.2,9.2,5,1,94.8,86.3,11.7,12,4.03,94.8,86.3,13.8,7.066670345,32.60316839,25.8,33.5,7.5,19.72813577,21.05263158,7.377666248,7.5,11.6
NCWW121720_62,Beaufort,WasteWater,NCWW121720,F08,12/1/2020,12,100,39,12935,0.578,15,8.67,12935,8,10355,0.396,15,5.94,31065,47,Coast_Town,Town,Coast,carteret,-76.6383,34.7173,0,1.5,3.5,29.322,51.48595304,0.725,0.238,0.012,0.006,0.001,0.019,0.085,0.662,0.036,0.877,0.204,0.201,5,2,94.8,86.3,11.7,12,4.03,94.8,86.3,13.8,7.066670345,32.60316839,25.8,33.5,7.5,19.72813577,21.05263158,7.377666248,7.5,11.6
NCWW121720_70,Newport,WasteWater,NCWW121720,F09,12/15/2020,12,100,43,28637,1.384,8.670520231,12,49542,7,68053,4.89,2.45,12,1247922,50,Coast_Town,Town,Coast,carteret,-76.86373,34.78416,0,1.2,16.622,25.448,51.48595304,0.66,0.179,0.008,0.036,0.005,0.079,0.164,0.568,0.044,0.938,0.166,0.131,5,1,94.8,86.3,11.7,12,4.03,94.8,86.3,13.8,7.066670345,32.60316839,25.8,33.5,7.5,19.72813577,21.05263158,7.377666248,7.5,11.6
NCWW121720_7,Newport,WasteWater,NCWW121720,G01,8/31/2020,8,100,48,29922,1.783,6.73022995,12,66689,6,48754,0.372,15,5.58,146262,54,Coast_Town,Town,Coast,carteret,-76.86373,34.78416,0,1.2,16.622,25.448,51.48595304,0.66,0.179,0.008,0.036,0.005,0.079,0.164,0.568,0.044,0.938,0.166,0.131,5,1,94.8,86.3,11.7,12,4.03,94.8,86.3,13.8,7.066670345,32.60316839,25.8,33.5,7.5,19.72813577,21.05263158,7.377666248,7.5,11.6
NCWW121720_15,Greenville,WasteWater,NCWW121720,G02,9/30/2020,9,100,43,11224,3.201,3.748828491,12,44910,7,23203,4.176,2.87,12,363359,50,Inland_City,City,Inland,pitt,-77.30678,35.60849,80,17.5,89.616,28.424,264.9765643,0.525,0.392,0.003,0.025,0,0.034,0.043,0.508,0.04,0.928,0.389,0.262,5,2,95.1,85.1,13.1,20.9,3.74,95.1,85.1,16.1,3.156236291,25.43592549,38.8,39.1,7.4,16.51850136,21.10091743,10.46766033,9,10.7
NCWW121720_23,Greenville,WasteWater,NCWW121720,G03,10/21/2020,10,100,36,22638,3.97,3.022670025,12,112341,8,12080,9.806,1.22,12,444212,44,Inland_City,City,Inland,pitt,-77.30678,35.60849,80,17.5,89.616,28.424,264.9765643,0.525,0.392,0.003,0.025,0,0.034,0.043,0.508,0.04,0.928,0.389,0.262,5,2,95.1,85.1,13.1,20.9,3.74,95.1,85.1,16.1,3.156236291,25.43592549,38.8,39.1,7.4,16.51850136,21.10091743,10.46766033,9,10.7
NCWW121720_31,Morehead City,WasteWater,NCWW121720,G04,11/10/2020,11,100,40,4339,0.304,15,4.56,4339,11,10937,2.913,4.12,12,119473,51,Coast_Town,Town,Coast,carteret,-76.7378,34.734,0,10,5.5,36.434,51.48595304,89.05,4.9274,0.3061,1.13,0.07067,2.94,4.34627,86.2,2.69,93.4,37.2,9.2,5,1,94.8,86.3,11.7,12,4.03,94.8,86.3,13.8,7.066670345,32.60316839,25.8,33.5,7.5,19.72813577,21.05263158,7.377666248,7.5,11.6
NCWW121720_39,Greenville,WasteWater,NCWW121720,G05,11/25/2020,11,100,39,26100,5.601,2.142474558,12,182733,4,39273,12.396,1,12.4,1766715,43,Inland_City,City,Inland,pitt,-77.30678,35.60849,80,17.5,89.616,28.424,264.9765643,0.525,0.392,0.003,0.025,0,0.034,0.043,0.508,0.04,0.928,0.389,0.262,5,2,95.1,85.1,13.1,20.9,3.74,95.1,85.1,16.1,3.156236291,25.43592549,38.8,39.1,7.4,16.51850136,21.10091743,10.46766033,9,10.7
NCWW121720_47,Morehead City,WasteWater,NCWW121720,G06,12/8/2020,12,100,39,29251,1.403,8.553100499,12,51299,4,17177,6.995,1.72,12,450574,43,Coast_Town,Town,Coast,carteret,-76.7378,34.734,0,10,5.5,36.434,51.48595304,89.05,4.9274,0.3061,1.13,0.07067,2.94,4.34627,86.2,2.69,93.4,37.2,9.2,5,1,94.8,86.3,11.7,12,4.03,94.8,86.3,13.8,7.066670345,32.60316839,25.8,33.5,7.5,19.72813577,21.05263158,7.377666248,7.5,11.6
NCWW121720_55,Morehead City,WasteWater,NCWW121720,G07,7/13/2020,7,100,48,12522,1.297,9.252120278,12,20301,16,49436,1.613,7.44,12,299026,64,Coast_Town,Town,Coast,carteret,-76.7378,34.734,0,10,5.5,36.434,51.48595304,89.05,4.9274,0.3061,1.13,0.07067,2.94,4.34627,86.2,2.69,93.4,37.2,9.2,5,1,94.8,86.3,11.7,12,4.03,94.8,86.3,13.8,7.066670345,32.60316839,25.8,33.5,7.5,19.72813577,21.05263158,7.377666248,7.5,11.6
NCWW121720_63,Morehead City,WasteWater,NCWW121720,G08,12/1/2020,12,100,44,11487,0.676,15,10.14,11487,12,17587,6.023,1.99,12,397224,56,Coast_Town,Town,Coast,carteret,-76.7378,34.734,0,10,5.5,36.434,51.48595304,89.05,4.9274,0.3061,1.13,0.07067,2.94,4.34627,86.2,2.69,93.4,37.2,9.2,5,1,94.8,86.3,11.7,12,4.03,94.8,86.3,13.8,7.066670345,32.60316839,25.8,33.5,7.5,19.72813577,21.05263158,7.377666248,7.5,11.6
NCWW121720_8,Newport,WasteWater,NCWW121720,H01,9/10/2020,9,100,43,42982,3.312,3.623188406,12,177945,9,11561,1.6,7.5,12,69366,52,Coast_Town,Town,Coast,carteret,-76.86373,34.78416,0,1.2,16.622,25.448,51.48595304,0.66,0.179,0.008,0.036,0.005,0.079,0.164,0.568,0.044,0.938,0.166,0.131,5,1,94.8,86.3,11.7,12,4.03,94.8,86.3,13.8,7.066670345,32.60316839,25.8,33.5,7.5,19.72813577,21.05263158,7.377666248,7.5,11.6
NCWW121720_16,Newport,WasteWater,NCWW121720,H02,10/6/2020,10,100,44,11305,5.022,2.38948626,12,70967,9,12702,5.616,2.14,12,267504,53,Coast_Town,Town,Coast,carteret,-76.86373,34.78416,0,1.2,16.622,25.448,51.48595304,0.66,0.179,0.008,0.036,0.005,0.079,0.164,0.568,0.044,0.938,0.166,0.131,5,1,94.8,86.3,11.7,12,4.03,94.8,86.3,13.8,7.066670345,32.60316839,25.8,33.5,7.5,19.72813577,21.05263158,7.377666248,7.5,11.6
NCWW121720_24,Beaufort,WasteWater,NCWW121720,H03,10/28/2020,10,100,39,25943,2.105,5.700712589,12,68263,12,11994,2.458,4.88,12,110555,51,Coast_Town,Town,Coast,carteret,-76.6383,34.7173,0,1.5,3.5,29.322,51.48595304,0.725,0.238,0.012,0.006,0.001,0.019,0.085,0.662,0.036,0.877,0.204,0.201,5,2,94.8,86.3,11.7,12,4.03,94.8,86.3,13.8,7.066670345,32.60316839,25.8,33.5,7.5,19.72813577,21.05263158,7.377666248,7.5,11.6
NCWW121720_32,Newport,WasteWater,NCWW121720,H04,11/10/2020,11,100,35,4159,0.342,15,5.13,4159,9,56773,2.741,4.38,12,583555,44,Coast_Town,Town,Coast,carteret,-76.86373,34.78416,0,1.2,16.622,25.448,51.48595304,0.66,0.179,0.008,0.036,0.005,0.079,0.164,0.568,0.044,0.938,0.166,0.131,5,1,94.8,86.3,11.7,12,4.03,94.8,86.3,13.8,7.066670345,32.60316839,25.8,33.5,7.5,19.72813577,21.05263158,7.377666248,7.5,11.6
NCWW121720_40,Greenville,WasteWater,NCWW121720,H05,12/2/2020,12,100,31,18283,2.196,5.464480874,12,50187,3,21781,7.42,1.62,12,606056,34,Inland_City,City,Inland,pitt,-77.30678,35.60849,80,17.5,89.616,28.424,264.9765643,0.525,0.392,0.003,0.025,0,0.034,0.043,0.508,0.04,0.928,0.389,0.262,5,2,95.1,85.1,13.1,20.9,3.74,95.1,85.1,16.1,3.156236291,25.43592549,38.8,39.1,7.4,16.51850136,21.10091743,10.46766033,9,10.7
NCWW121720_48,Newport,WasteWater,NCWW121720,H06,12/9/2020,12,100,30,42386,1.954,6.141248721,12,103528,3,19993,3.532,3.4,12,264807,33,Coast_Town,Town,Coast,carteret,-76.86373,34.78416,0,1.2,16.622,25.448,51.48595304,0.66,0.179,0.008,0.036,0.005,0.079,0.164,0.568,0.044,0.938,0.166,0.131,5,1,94.8,86.3,11.7,12,4.03,94.8,86.3,13.8,7.066670345,32.60316839,25.8,33.5,7.5,19.72813577,21.05263158,7.377666248,7.5,11.6
NCWW121720_56,Newport,WasteWater,NCWW121720,H07,7/7/2020,7,100,1,117,0.111,15,1.665,117,3,4463,1.032,11.63,12,17272,4,Coast_Town,Town,Coast,carteret,-76.86373,34.78416,0,1.2,16.622,25.448,51.48595304,0.66,0.179,0.008,0.036,0.005,0.079,0.164,0.568,0.044,0.938,0.166,0.131,5,1,94.8,86.3,11.7,12,4.03,94.8,86.3,13.8,7.066670345,32.60316839,25.8,33.5,7.5,19.72813577,21.05263158,7.377666248,7.5,11.6
NCWW121720_64,Newport,WasteWater,NCWW121720,H08,12/1/2020,12,100,52,11703,0.464,15,6.96,11703,6,8070,8.81,1.36,12,266613,58,Coast_Town,Town,Coast,carteret,-76.86373,34.78416,0,1.2,16.622,25.448,51.48595304,0.66,0.179,0.008,0.036,0.005,0.079,0.164,0.568,0.044,0.938,0.166,0.131,5,1,94.8,86.3,11.7,12,4.03,94.8,86.3,13.8,7.066670345,32.60316839,25.8,33.5,7.5,19.72813577,21.05263158,7.377666248,7.5,11.6
NCWW022621_9,Charlotte 2,WasteWater,NCWW022621,A02,12/7/2020,12,20,57,33729,0.951,12.61829653,12,200477,10,70912,0.452,15,6.78,1063680,67,Inland_City,City,Inland,mecklenburg,-80.85082,35.15177,200,28,182.501,43.08,2067.052728,0.447,0.352,0.004,0.065,0,0.059,0.149,0.402,0.173,0.897,0.457,0.116,40,33,95.3,85.1,9.1,13.7,4.19,95.3,85.1,12,5.44594115,1.065430805,30.4,28.9,8,18.09498059,34.07258065,9.435019364,9.8,7.5
NCWW022621_17,Charlotte 2,WasteWater,NCWW022621,A03,11/23/2020,11,20,61,20547,3.103,3.867225266,12,398483,12,43530,1.089,11.02,12,888828,73,Inland_City,City,Inland,mecklenburg,-80.85082,35.15177,200,28,182.501,43.08,2067.052728,0.447,0.352,0.004,0.065,0,0.059,0.149,0.402,0.173,0.897,0.457,0.116,40,33,95.3,85.1,9.1,13.7,4.19,95.3,85.1,12,5.44594115,1.065430805,30.4,28.9,8,18.09498059,34.07258065,9.435019364,9.8,7.5
NCWW022621_25,Charlotte 3,WasteWater,NCWW022621,A04,11/16/2020,11,20,59,23014,3.597,3.336113428,12,517383,8,63353,0.071,15,1.07,945854,67,Inland_City,City,Inland,mecklenburg,-80.7036,35.33996,200,12,120,39.313,2067.052728,0.64,0.168,0,0.108,0,0.068,0.09,0.59,0.113,0.961,0.515,0.028,40,33,95.3,85.1,9.1,13.7,4.19,95.3,85.1,12,5.44594115,1.065430805,30.4,28.9,8,18.09498059,34.07258065,9.435019364,9.8,7.5
NCWW022621_49,Charlotte 2,WasteWater,NCWW022621,A07,9/2/2020,9,20,57,33462,7.606,1.577701814,12,1590700,7,71868,0.527,15,7.91,1077339,64,Inland_City,City,Inland,mecklenburg,-80.85082,35.15177,200,28,182.501,43.08,2067.052728,0.447,0.352,0.004,0.065,0,0.059,0.149,0.402,0.173,0.897,0.457,0.116,40,33,95.3,85.1,9.1,13.7,4.19,95.3,85.1,12,5.44594115,1.065430805,30.4,28.9,8,18.09498059,34.07258065,9.435019364,9.8,7.5
NCWW022621_57,Charlotte 3,WasteWater,NCWW022621,A08,9/23/2020,9,20,57,13072,0.698,15,10.47,65360,9,52576,4.299,2.79,12,4237954,66,Inland_City,City,Inland,mecklenburg,-80.7036,35.33996,200,12,120,39.313,2067.052728,0.64,0.168,0,0.108,0,0.068,0.09,0.59,0.113,0.961,0.515,0.028,40,33,95.3,85.1,9.1,13.7,4.19,95.3,85.1,12,5.44594115,1.065430805,30.4,28.9,8,18.09498059,34.07258065,9.435019364,9.8,7.5
NCWW022621_65,Charlotte 4,WasteWater,NCWW022621,A09,10/7/2020,10,20,42,10751,3.917,3.063569058,12,263198,6,45456,0.463,15,6.95,681349,48,Inland_City,City,Inland,mecklenburg,NA,NA,NA,NA,NA,NA,NA,NA,NA,NA,NA,NA,NA,NA,NA,NA,NA,NA,NA,NA,NA,NA,NA,NA,NA,NA,NA,NA,NA,NA,NA,NA,NA,NA,NA,NA,NA,NA,NA
NCWW022621_73,Charlotte 2,WasteWater,NCWW022621,A10,10/2/2020,10,20,50,7821,6.747,1.778568253,12,329802,10,53205,1.152,10.42,12,1149228,60,Inland_City,City,Inland,mecklenburg,-80.85082,35.15177,200,28,182.501,43.08,2067.052728,0.447,0.352,0.004,0.065,0,0.059,0.149,0.402,0.173,0.897,0.457,0.116,40,33,95.3,85.1,9.1,13.7,4.19,95.3,85.1,12,5.44594115,1.065430805,30.4,28.9,8,18.09498059,34.07258065,9.435019364,9.8,7.5
NCWW022621_81,Charlotte 3,WasteWater,NCWW022621,A11,11/4/2020,11,20,57,29694,1.908,6.289308176,12,354101,10,59436,1.47,8.16,12,1638205,67,Inland_City,City,Inland,mecklenburg,-80.7036,35.33996,200,12,120,39.313,2067.052728,0.64,0.168,0,0.108,0,0.068,0.09,0.59,0.113,0.961,0.515,0.028,40,33,95.3,85.1,9.1,13.7,4.19,95.3,85.1,12,5.44594115,1.065430805,30.4,28.9,8,18.09498059,34.07258065,9.435019364,9.8,7.5
NCWW022621_10,Charlotte 1,WasteWater,NCWW022621,B02,12/7/2020,12,20,48,16788,0.365,15,5.475,83940,5,70615,2.592,4.63,12,3431889,53,Inland_City,City,Inland,mecklenburg,-80.94343,35.38233,200,12,68.685,48.72,2067.052728,0.761,0.124,0.001,0.042,0,0.052,0.072,0.724,0.094,0.966,0.555,0.042,40,33,95.3,85.1,9.1,13.7,4.19,95.3,85.1,12,5.44594115,1.065430805,30.4,28.9,8,18.09498059,34.07258065,9.435019364,9.8,7.5
NCWW022621_18,Charlotte 1,WasteWater,NCWW022621,B03,11/23/2020,11,20,56,19792,3.743,3.205984504,12,463009,7,32192,2.846,4.22,12,1717846,63,Inland_City,City,Inland,mecklenburg,-80.94343,35.38233,200,12,68.685,48.72,2067.052728,0.761,0.124,0.001,0.042,0,0.052,0.072,0.724,0.094,0.966,0.555,0.042,40,33,95.3,85.1,9.1,13.7,4.19,95.3,85.1,12,5.44594115,1.065430805,30.4,28.9,8,18.09498059,34.07258065,9.435019364,9.8,7.5
NCWW022621_26,Charlotte 2,WasteWater,NCWW022621,B04,11/16/2020,11,20,47,38944,1.943,6.176016469,12,472926,10,49389,1.237,9.7,12,1145516,57,Inland_City,City,Inland,mecklenburg,-80.85082,35.15177,200,28,182.501,43.08,2067.052728,0.447,0.352,0.004,0.065,0,0.059,0.149,0.402,0.173,0.897,0.457,0.116,40,33,95.3,85.1,9.1,13.7,4.19,95.3,85.1,12,5.44594115,1.065430805,30.4,28.9,8,18.09498059,34.07258065,9.435019364,9.8,7.5
NCWW022621_42,Charlotte 4,WasteWater,NCWW022621,B06,11/4/2020,11,20,50,9383,4.619,2.597964927,12,270875,8,35678,2.85,4.21,12,1906543,58,Inland_City,City,Inland,mecklenburg,NA,NA,NA,NA,NA,NA,NA,NA,NA,NA,NA,NA,NA,NA,NA,NA,NA,NA,NA,NA,NA,NA,NA,NA,NA,NA,NA,NA,NA,NA,NA,NA,NA,NA,NA,NA,NA,NA,NA
NCWW022621_50,Charlotte 1,WasteWater,NCWW022621,B07,9/2/2020,9,20,70,38408,5.732,2.093510119,12,1375967,9,74163,1.242,9.66,12,1727071,79,Inland_City,City,Inland,mecklenburg,-80.94343,35.38233,200,12,68.685,48.72,2067.052728,0.761,0.124,0.001,0.042,0,0.052,0.072,0.724,0.094,0.966,0.555,0.042,40,33,95.3,85.1,9.1,13.7,4.19,95.3,85.1,12,5.44594115,1.065430805,30.4,28.9,8,18.09498059,34.07258065,9.435019364,9.8,7.5
NCWW022621_58,Charlotte 2,WasteWater,NCWW022621,B08,9/23/2020,9,20,35,19869,0.818,14.66992665,12,101580,4,61279,0.073,15,1.1,915007,39,Inland_City,City,Inland,mecklenburg,-80.85082,35.15177,200,28,182.501,43.08,2067.052728,0.447,0.352,0.004,0.065,0,0.059,0.149,0.402,0.173,0.897,0.457,0.116,40,33,95.3,85.1,9.1,13.7,4.19,95.3,85.1,12,5.44594115,1.065430805,30.4,28.9,8,18.09498059,34.07258065,9.435019364,9.8,7.5
NCWW022621_66,Charlotte 3,WasteWater,NCWW022621,B09,10/14/2020,10,20,59,25957,3.78,3.174603175,12,613234,15,37599,3.496,3.43,12,2464614,74,Inland_City,City,Inland,mecklenburg,-80.7036,35.33996,200,12,120,39.313,2067.052728,0.64,0.168,0,0.108,0,0.068,0.09,0.59,0.113,0.961,0.515,0.028,40,33,95.3,85.1,9.1,13.7,4.19,95.3,85.1,12,5.44594115,1.065430805,30.4,28.9,8,18.09498059,34.07258065,9.435019364,9.8,7.5
NCWW022621_74,Charlotte 1,WasteWater,NCWW022621,B10,10/21/2020,10,20,52,10880,5.302,2.263296869,12,360536,9,52259,0.176,15,2.64,783885,61,Inland_City,City,Inland,mecklenburg,-80.94343,35.38233,200,12,68.685,48.72,2067.052728,0.761,0.124,0.001,0.042,0,0.052,0.072,0.724,0.094,0.966,0.555,0.042,40,33,95.3,85.1,9.1,13.7,4.19,95.3,85.1,12,5.44594115,1.065430805,30.4,28.9,8,18.09498059,34.07258065,9.435019364,9.8,7.5
NCWW022621_82,Charlotte 2,WasteWater,NCWW022621,B11,11/2/2020,11,20,60,13377,1.813,6.618863762,12,151578,11,37983,0.219,15,3.29,568879,71,Inland_City,City,Inland,mecklenburg,-80.85082,35.15177,200,28,182.501,43.08,2067.052728,0.447,0.352,0.004,0.065,0,0.059,0.149,0.402,0.173,0.897,0.457,0.116,40,33,95.3,85.1,9.1,13.7,4.19,95.3,85.1,12,5.44594115,1.065430805,30.4,28.9,8,18.09498059,34.07258065,9.435019364,9.8,7.5
NCWW022621_11,Charlotte 2,WasteWater,NCWW022621,C02,11/30/2020,11,20,52,19422,0.498,15,7.47,97110,18,45382,0.325,15,4.88,680033,70,Inland_City,City,Inland,mecklenburg,-80.85082,35.15177,200,28,182.501,43.08,2067.052728,0.447,0.352,0.004,0.065,0,0.059,0.149,0.402,0.173,0.897,0.457,0.116,40,33,95.3,85.1,9.1,13.7,4.19,95.3,85.1,12,5.44594115,1.065430805,30.4,28.9,8,18.09498059,34.07258065,9.435019364,9.8,7.5
NCWW022621_19,Charlotte 3,WasteWater,NCWW022621,C03,11/23/2020,11,20,52,11795,4.813,2.493247455,12,354808,6,30727,0.148,15,2.22,460905,58,Inland_City,City,Inland,mecklenburg,-80.7036,35.33996,200,12,120,39.313,2067.052728,0.64,0.168,0,0.108,0,0.068,0.09,0.59,0.113,0.961,0.515,0.028,40,33,95.3,85.1,9.1,13.7,4.19,95.3,85.1,12,5.44594115,1.065430805,30.4,28.9,8,18.09498059,34.07258065,9.435019364,9.8,7.5
NCWW022621_27,Charlotte 1,WasteWater,NCWW022621,C04,11/11/2020,11,20,50,30784,2.244,5.347593583,12,431746,4,57757,1.196,10.03,12,1295201,54,Inland_City,City,Inland,mecklenburg,-80.94343,35.38233,200,12,68.685,48.72,2067.052728,0.761,0.124,0.001,0.042,0,0.052,0.072,0.724,0.094,0.966,0.555,0.042,40,33,95.3,85.1,9.1,13.7,4.19,95.3,85.1,12,5.44594115,1.065430805,30.4,28.9,8,18.09498059,34.07258065,9.435019364,9.8,7.5
NCWW022621_43,Charlotte 4,WasteWater,NCWW022621,C06,11/13/2020,11,20,32,17035,2.908,4.126547455,12,309611,4,33365,1.982,6.05,12,1239927,36,Inland_City,City,Inland,mecklenburg,NA,NA,NA,NA,NA,NA,NA,NA,NA,NA,NA,NA,NA,NA,NA,NA,NA,NA,NA,NA,NA,NA,NA,NA,NA,NA,NA,NA,NA,NA,NA,NA,NA,NA,NA,NA,NA,NA,NA
NCWW022621_51,Charlotte 4,WasteWater,NCWW022621,C07,9/9/2020,9,20,46,25837,6.698,1.791579576,12,1081601,7,62334,0.173,15,2.6,933212,53,Inland_City,City,Inland,mecklenburg,NA,NA,NA,NA,NA,NA,NA,NA,NA,NA,NA,NA,NA,NA,NA,NA,NA,NA,NA,NA,NA,NA,NA,NA,NA,NA,NA,NA,NA,NA,NA,NA,NA,NA,NA,NA,NA,NA,NA
NCWW022621_59,Charlotte 4,WasteWater,NCWW022621,C08,9/23/2020,9,20,48,9384,1.716,6.993006993,12,100643,7,50489,1.094,10.97,12,1035656,55,Inland_City,City,Inland,mecklenburg,NA,NA,NA,NA,NA,NA,NA,NA,NA,NA,NA,NA,NA,NA,NA,NA,NA,NA,NA,NA,NA,NA,NA,NA,NA,NA,NA,NA,NA,NA,NA,NA,NA,NA,NA,NA,NA,NA,NA
NCWW022621_67,Charlotte 4,WasteWater,NCWW022621,C09,10/28/2020,10,20,56,23049,2.895,4.14507772,12,417043,0,6,1.05,11.43,12,118,56,Inland_City,City,Inland,mecklenburg,NA,NA,NA,NA,NA,NA,NA,NA,NA,NA,NA,NA,NA,NA,NA,NA,NA,NA,NA,NA,NA,NA,NA,NA,NA,NA,NA,NA,NA,NA,NA,NA,NA,NA,NA,NA,NA,NA,NA
NCWW022621_75,Charlotte 3,WasteWater,NCWW022621,C10,10/21/2020,10,20,52,13032,6.45,1.860465116,12,525353,11,50527,0.187,15,2.81,756556,63,Inland_City,City,Inland,mecklenburg,-80.7036,35.33996,200,12,120,39.313,2067.052728,0.64,0.168,0,0.108,0,0.068,0.09,0.59,0.113,0.961,0.515,0.028,40,33,95.3,85.1,9.1,13.7,4.19,95.3,85.1,12,5.44594115,1.065430805,30.4,28.9,8,18.09498059,34.07258065,9.435019364,9.8,7.5
NCWW022621_83,Charlotte 1,WasteWater,NCWW022621,C11,11/2/2020,11,20,58,22464,1.573,7.628734901,12,220849,13,35624,0.543,15,8.15,534032,71,Inland_City,City,Inland,mecklenburg,-80.94343,35.38233,200,12,68.685,48.72,2067.052728,0.761,0.124,0.001,0.042,0,0.052,0.072,0.724,0.094,0.966,0.555,0.042,40,33,95.3,85.1,9.1,13.7,4.19,95.3,85.1,12,5.44594115,1.065430805,30.4,28.9,8,18.09498059,34.07258065,9.435019364,9.8,7.5
NCWW022621_12,Charlotte 1,WasteWater,NCWW022621,D02,11/30/2020,11,20,51,26428,1.003,11.96410768,12,165671,8,65849,0.488,15,7.32,987735,59,Inland_City,City,Inland,mecklenburg,-80.94343,35.38233,200,12,68.685,48.72,2067.052728,0.761,0.124,0.001,0.042,0,0.052,0.072,0.724,0.094,0.966,0.555,0.042,40,33,95.3,85.1,9.1,13.7,4.19,95.3,85.1,12,5.44594115,1.065430805,30.4,28.9,8,18.09498059,34.07258065,9.435019364,9.8,7.5
NCWW022621_20,Charlotte 2,WasteWater,NCWW022621,D03,11/18/2020,11,20,58,20259,4.22,2.843601896,12,534331,8,41693,0.377,15,5.66,624843,66,Inland_City,City,Inland,mecklenburg,-80.85082,35.15177,200,28,182.501,43.08,2067.052728,0.447,0.352,0.004,0.065,0,0.059,0.149,0.402,0.173,0.897,0.457,0.116,40,33,95.3,85.1,9.1,13.7,4.19,95.3,85.1,12,5.44594115,1.065430805,30.4,28.9,8,18.09498059,34.07258065,9.435019364,9.8,7.5
NCWW022621_28,Charlotte 3,WasteWater,NCWW022621,D04,11/11/2020,11,20,51,36891,1.975,6.075949367,12,455373,6,43652,0.082,15,1.23,654780,57,Inland_City,City,Inland,mecklenburg,-80.7036,35.33996,200,12,120,39.313,2067.052728,0.64,0.168,0,0.108,0,0.068,0.09,0.59,0.113,0.961,0.515,0.028,40,33,95.3,85.1,9.1,13.7,4.19,95.3,85.1,12,5.44594115,1.065430805,30.4,28.9,8,18.09498059,34.07258065,9.435019364,9.8,7.5
NCWW022621_44,Charlotte 4,WasteWater,NCWW022621,D06,9/16/2020,9,20,58,20594,4.424,2.712477396,12,569424,9,50424,0.443,15,6.65,755791,67,Inland_City,City,Inland,mecklenburg,NA,NA,NA,NA,NA,NA,NA,NA,NA,NA,NA,NA,NA,NA,NA,NA,NA,NA,NA,NA,NA,NA,NA,NA,NA,NA,NA,NA,NA,NA,NA,NA,NA,NA,NA,NA,NA,NA,NA
NCWW022621_52,Charlotte 1,WasteWater,NCWW022621,D07,9/15/2020,9,20,63,17433,8.745,1.372212693,12,952822,14,78914,0.772,15,11.58,1183710,77,Inland_City,City,Inland,mecklenburg,-80.94343,35.38233,200,12,68.685,48.72,2067.052728,0.761,0.124,0.001,0.042,0,0.052,0.072,0.724,0.094,0.966,0.555,0.042,40,33,95.3,85.1,9.1,13.7,4.19,95.3,85.1,12,5.44594115,1.065430805,30.4,28.9,8,18.09498059,34.07258065,9.435019364,9.8,7.5
NCWW022621_60,Charlotte 2,WasteWater,NCWW022621,D08,9/23/2020,9,20,56,21908,1.207,9.942004971,12,165268,10,53782,0.134,15,2.01,806730,66,Inland_City,City,Inland,mecklenburg,-80.85082,35.15177,200,28,182.501,43.08,2067.052728,0.447,0.352,0.004,0.065,0,0.059,0.149,0.402,0.173,0.897,0.457,0.116,40,33,95.3,85.1,9.1,13.7,4.19,95.3,85.1,12,5.44594115,1.065430805,30.4,28.9,8,18.09498059,34.07258065,9.435019364,9.8,7.5
NCWW022621_68,Charlotte 1,WasteWater,NCWW022621,D09,9/30/2020,9,20,61,18688,5.723,2.096802376,12,668446,9,66915,1.634,7.34,12,2050108,70,Inland_City,City,Inland,mecklenburg,-80.94343,35.38233,200,12,68.685,48.72,2067.052728,0.761,0.124,0.001,0.042,0,0.052,0.072,0.724,0.094,0.966,0.555,0.042,40,33,95.3,85.1,9.1,13.7,4.19,95.3,85.1,12,5.44594115,1.065430805,30.4,28.9,8,18.09498059,34.07258065,9.435019364,9.8,7.5
NCWW022621_76,Charlotte 3,WasteWater,NCWW022621,D10,9/30/2020,9,20,58,15839,2.818,4.258339248,12,278964,10,65129,4.564,2.63,12,5573414,68,Inland_City,City,Inland,mecklenburg,-80.7036,35.33996,200,12,120,39.313,2067.052728,0.64,0.168,0,0.108,0,0.068,0.09,0.59,0.113,0.961,0.515,0.028,40,33,95.3,85.1,9.1,13.7,4.19,95.3,85.1,12,5.44594115,1.065430805,30.4,28.9,8,18.09498059,34.07258065,9.435019364,9.8,7.5
NCWW022621_84,Charlotte 3,WasteWater,NCWW022621,D11,11/2/2020,11,20,50,9041,2.167,5.537609599,12,122449,9,68798,1.297,9.25,12,1673081,59,Inland_City,City,Inland,mecklenburg,-80.7036,35.33996,200,12,120,39.313,2067.052728,0.64,0.168,0,0.108,0,0.068,0.09,0.59,0.113,0.961,0.515,0.028,40,33,95.3,85.1,9.1,13.7,4.19,95.3,85.1,12,5.44594115,1.065430805,30.4,28.9,8,18.09498059,34.07258065,9.435019364,9.8,7.5
NCWW022621_13,Charlotte 3,WasteWater,NCWW022621,E02,11/30/2020,11,20,47,10017,0.355,15,5.325,50085,10,53033,0.464,15,6.96,795495,57,Inland_City,City,Inland,mecklenburg,-80.7036,35.33996,200,12,120,39.313,2067.052728,0.64,0.168,0,0.108,0,0.068,0.09,0.59,0.113,0.961,0.515,0.028,40,33,95.3,85.1,9.1,13.7,4.19,95.3,85.1,12,5.44594115,1.065430805,30.4,28.9,8,18.09498059,34.07258065,9.435019364,9.8,7.5
NCWW022621_21,Charlotte 1,WasteWater,NCWW022621,E03,11/18/2020,11,20,56,14766,3.752,3.198294243,12,346263,8,34128,0.733,15,11,511687,64,Inland_City,City,Inland,mecklenburg,-80.94343,35.38233,200,12,68.685,48.72,2067.052728,0.761,0.124,0.001,0.042,0,0.052,0.072,0.724,0.094,0.966,0.555,0.042,40,33,95.3,85.1,9.1,13.7,4.19,95.3,85.1,12,5.44594115,1.065430805,30.4,28.9,8,18.09498059,34.07258065,9.435019364,9.8,7.5
NCWW022621_29,Charlotte 2,WasteWater,NCWW022621,E04,11/9/2020,11,20,57,12753,0.822,14.59854015,12,65519,11,53528,0.779,15,11.69,802577,68,Inland_City,City,Inland,mecklenburg,-80.85082,35.15177,200,28,182.501,43.08,2067.052728,0.447,0.352,0.004,0.065,0,0.059,0.149,0.402,0.173,0.897,0.457,0.116,40,33,95.3,85.1,9.1,13.7,4.19,95.3,85.1,12,5.44594115,1.065430805,30.4,28.9,8,18.09498059,34.07258065,9.435019364,9.8,7.5
NCWW022621_45,Charlotte 2,WasteWater,NCWW022621,E06,9/16/2020,9,20,59,16289,3.211,3.737153535,12,326900,14,39331,0.247,15,3.71,589170,73,Inland_City,City,Inland,mecklenburg,-80.85082,35.15177,200,28,182.501,43.08,2067.052728,0.447,0.352,0.004,0.065,0,0.059,0.149,0.402,0.173,0.897,0.457,0.116,40,33,95.3,85.1,9.1,13.7,4.19,95.3,85.1,12,5.44594115,1.065430805,30.4,28.9,8,18.09498059,34.07258065,9.435019364,9.8,7.5
NCWW022621_61,Charlotte 3,WasteWater,NCWW022621,E08,9/2/2020,9,20,48,13431,0.955,12.56544503,12,80166,9,56225,0.24,15,3.6,843375,57,Inland_City,City,Inland,mecklenburg,-80.7036,35.33996,200,12,120,39.313,2067.052728,0.64,0.168,0,0.108,0,0.068,0.09,0.59,0.113,0.961,0.515,0.028,40,33,95.3,85.1,9.1,13.7,4.19,95.3,85.1,12,5.44594115,1.065430805,30.4,28.9,8,18.09498059,34.07258065,9.435019364,9.8,7.5
NCWW022621_69,Charlotte 2,WasteWater,NCWW022621,E09,9/30/2020,9,20,62,19572,5.999,2.000333389,12,733828,17,50978,0.561,15,8.42,764216,79,Inland_City,City,Inland,mecklenburg,-80.85082,35.15177,200,28,182.501,43.08,2067.052728,0.447,0.352,0.004,0.065,0,0.059,0.149,0.402,0.173,0.897,0.457,0.116,40,33,95.3,85.1,9.1,13.7,4.19,95.3,85.1,12,5.44594115,1.065430805,30.4,28.9,8,18.09498059,34.07258065,9.435019364,9.8,7.5
NCWW022621_77,Charlotte 4,WasteWater,NCWW022621,E10,9/30/2020,9,20,45,9334,2.045,5.86797066,12,119300,7,49609,1.349,8.9,12,1254798,52,Inland_City,City,Inland,mecklenburg,NA,NA,NA,NA,NA,NA,NA,NA,NA,NA,NA,NA,NA,NA,NA,NA,NA,NA,NA,NA,NA,NA,NA,NA,NA,NA,NA,NA,NA,NA,NA,NA,NA,NA,NA,NA,NA,NA,NA
NCWW022621_85,Charlotte 2,WasteWater,NCWW022621,E11,10/28/2020,10,20,42,13373,1.423,8.432888264,12,118936,11,49422,0.321,15,4.82,740561,53,Inland_City,City,Inland,mecklenburg,-80.85082,35.15177,200,28,182.501,43.08,2067.052728,0.447,0.352,0.004,0.065,0,0.059,0.149,0.402,0.173,0.897,0.457,0.116,40,33,95.3,85.1,9.1,13.7,4.19,95.3,85.1,12,5.44594115,1.065430805,30.4,28.9,8,18.09498059,34.07258065,9.435019364,9.8,7.5
NCWW022621_14,Charlotte 2,WasteWater,NCWW022621,F02,11/25/2020,11,20,50,6146,0.254,15,3.81,30730,11,67847,0.388,15,5.82,1017705,61,Inland_City,City,Inland,mecklenburg,-80.85082,35.15177,200,28,182.501,43.08,2067.052728,0.447,0.352,0.004,0.065,0,0.059,0.149,0.402,0.173,0.897,0.457,0.116,40,33,95.3,85.1,9.1,13.7,4.19,95.3,85.1,12,5.44594115,1.065430805,30.4,28.9,8,18.09498059,34.07258065,9.435019364,9.8,7.5
NCWW022621_22,Charlotte 3,WasteWater,NCWW022621,F03,11/18/2020,11,20,57,12630,3.099,3.872216844,12,244627,12,26622,0.352,15,5.28,399330,69,Inland_City,City,Inland,mecklenburg,-80.7036,35.33996,200,12,120,39.313,2067.052728,0.64,0.168,0,0.108,0,0.068,0.09,0.59,0.113,0.961,0.515,0.028,40,33,95.3,85.1,9.1,13.7,4.19,95.3,85.1,12,5.44594115,1.065430805,30.4,28.9,8,18.09498059,34.07258065,9.435019364,9.8,7.5
NCWW022621_30,Charlotte 3,WasteWater,NCWW022621,F04,11/9/2020,11,20,52,11809,0.825,14.54545455,12,60890,8,32536,2.159,5.56,12,1317098,60,Inland_City,City,Inland,mecklenburg,-80.7036,35.33996,200,12,120,39.313,2067.052728,0.64,0.168,0,0.108,0,0.068,0.09,0.59,0.113,0.961,0.515,0.028,40,33,95.3,85.1,9.1,13.7,4.19,95.3,85.1,12,5.44594115,1.065430805,30.4,28.9,8,18.09498059,34.07258065,9.435019364,9.8,7.5
NCWW022621_46,Charlotte 4,WasteWater,NCWW022621,F06,11/11/2020,11,20,47,18270,2.475,4.848484848,12,282614,7,40565,3.943,3.04,12,2999021,54,Inland_City,City,Inland,mecklenburg,NA,NA,NA,NA,NA,NA,NA,NA,NA,NA,NA,NA,NA,NA,NA,NA,NA,NA,NA,NA,NA,NA,NA,NA,NA,NA,NA,NA,NA,NA,NA,NA,NA,NA,NA,NA,NA,NA,NA
NCWW022621_54,Charlotte 2,WasteWater,NCWW022621,F07,10/14/2020,10,20,58,21750,3.939,3.046458492,12,535458,13,83982,0.745,15,11.18,1259167,71,Inland_City,City,Inland,mecklenburg,-80.85082,35.15177,200,28,182.501,43.08,2067.052728,0.447,0.352,0.004,0.065,0,0.059,0.149,0.402,0.173,0.897,0.457,0.116,40,33,95.3,85.1,9.1,13.7,4.19,95.3,85.1,12,5.44594115,1.065430805,30.4,28.9,8,18.09498059,34.07258065,9.435019364,9.8,7.5
NCWW022621_62,Charlotte 1,WasteWater,NCWW022621,F08,9/9/2020,9,20,43,10860,0.461,15,6.915,54300,5,52518,0.5,15,7.5,787770,48,Inland_City,City,Inland,mecklenburg,-80.94343,35.38233,200,12,68.685,48.72,2067.052728,0.761,0.124,0.001,0.042,0,0.052,0.072,0.724,0.094,0.966,0.555,0.042,40,33,95.3,85.1,9.1,13.7,4.19,95.3,85.1,12,5.44594115,1.065430805,30.4,28.9,8,18.09498059,34.07258065,9.435019364,9.8,7.5
NCWW022621_70,Charlotte 3,WasteWater,NCWW022621,F09,10/7/2020,10,20,55,16523,3.103,3.867225266,12,320443,12,58053,3.721,3.22,12,4050285,67,Inland_City,City,Inland,mecklenburg,-80.7036,35.33996,200,12,120,39.313,2067.052728,0.64,0.168,0,0.108,0,0.068,0.09,0.59,0.113,0.961,0.515,0.028,40,33,95.3,85.1,9.1,13.7,4.19,95.3,85.1,12,5.44594115,1.065430805,30.4,28.9,8,18.09498059,34.07258065,9.435019364,9.8,7.5
NCWW022621_78,Charlotte 1,WasteWater,NCWW022621,F10,10/7/2020,10,20,57,19559,1.71,7.01754386,12,209037,10,56889,0.944,12.71,12,1006935,67,Inland_City,City,Inland,mecklenburg,-80.94343,35.38233,200,12,68.685,48.72,2067.052728,0.761,0.124,0.001,0.042,0,0.052,0.072,0.724,0.094,0.966,0.555,0.042,40,33,95.3,85.1,9.1,13.7,4.19,95.3,85.1,12,5.44594115,1.065430805,30.4,28.9,8,18.09498059,34.07258065,9.435019364,9.8,7.5
NCWW022621_86,Charlotte 1,WasteWater,NCWW022621,F11,10/28/2020,10,20,52,18312,1.901,6.312467123,12,217569,6,17162,2.78,4.32,12,894569,58,Inland_City,City,Inland,mecklenburg,-80.94343,35.38233,200,12,68.685,48.72,2067.052728,0.761,0.124,0.001,0.042,0,0.052,0.072,0.724,0.094,0.966,0.555,0.042,40,33,95.3,85.1,9.1,13.7,4.19,95.3,85.1,12,5.44594115,1.065430805,30.4,28.9,8,18.09498059,34.07258065,9.435019364,9.8,7.5
NCWW022621_15,Charlotte 1,WasteWater,NCWW022621,G02,11/25/2020,11,20,18,655,0.001,15,0.015,3275,9,39911,2.591,4.63,12,1938926,27,Inland_City,City,Inland,mecklenburg,-80.94343,35.38233,200,12,68.685,48.72,2067.052728,0.761,0.124,0.001,0.042,0,0.052,0.072,0.724,0.094,0.966,0.555,0.042,40,33,95.3,85.1,9.1,13.7,4.19,95.3,85.1,12,5.44594115,1.065430805,30.4,28.9,8,18.09498059,34.07258065,9.435019364,9.8,7.5
NCWW022621_23,Charlotte 2,WasteWater,NCWW022621,G03,11/16/2020,11,20,63,15711,2.836,4.231311707,12,278477,14,22854,0.082,15,1.23,342810,77,Inland_City,City,Inland,mecklenburg,-80.85082,35.15177,200,28,182.501,43.08,2067.052728,0.447,0.352,0.004,0.065,0,0.059,0.149,0.402,0.173,0.897,0.457,0.116,40,33,95.3,85.1,9.1,13.7,4.19,95.3,85.1,12,5.44594115,1.065430805,30.4,28.9,8,18.09498059,34.07258065,9.435019364,9.8,7.5
NCWW022621_31,Charlotte 2,WasteWater,NCWW022621,G04,11/9/2020,11,20,60,28679,0.804,14.92537313,12,144112,10,37073,1.203,9.98,12,836228,70,Inland_City,City,Inland,mecklenburg,-80.85082,35.15177,200,28,182.501,43.08,2067.052728,0.447,0.352,0.004,0.065,0,0.059,0.149,0.402,0.173,0.897,0.457,0.116,40,33,95.3,85.1,9.1,13.7,4.19,95.3,85.1,12,5.44594115,1.065430805,30.4,28.9,8,18.09498059,34.07258065,9.435019364,9.8,7.5
NCWW022621_47,Charlotte 4,WasteWater,NCWW022621,G06,12/9/2020,12,20,57,11194,1.165,10.30042918,12,81506,11,48753,1.868,6.42,12,1707574,68,Inland_City,City,Inland,mecklenburg,NA,NA,NA,NA,NA,NA,NA,NA,NA,NA,NA,NA,NA,NA,NA,NA,NA,NA,NA,NA,NA,NA,NA,NA,NA,NA,NA,NA,NA,NA,NA,NA,NA,NA,NA,NA,NA,NA,NA
NCWW022621_55,Charlotte 4,WasteWater,NCWW022621,G07,10/14/2020,10,20,49,29433,1.947,6.163328197,12,358163,7,66000,0.543,15,8.15,989393,56,Inland_City,City,Inland,mecklenburg,NA,NA,NA,NA,NA,NA,NA,NA,NA,NA,NA,NA,NA,NA,NA,NA,NA,NA,NA,NA,NA,NA,NA,NA,NA,NA,NA,NA,NA,NA,NA,NA,NA,NA,NA,NA,NA,NA,NA
NCWW022621_63,Charlotte 3,WasteWater,NCWW022621,G08,9/9/2020,9,20,54,14409,1.027,11.68451801,12,92488,7,55815,2.266,5.3,12,2371440,61,Inland_City,City,Inland,mecklenburg,-80.7036,35.33996,200,12,120,39.313,2067.052728,0.64,0.168,0,0.108,0,0.068,0.09,0.59,0.113,0.961,0.515,0.028,40,33,95.3,85.1,9.1,13.7,4.19,95.3,85.1,12,5.44594115,1.065430805,30.4,28.9,8,18.09498059,34.07258065,9.435019364,9.8,7.5
NCWW022621_71,Charlotte 4,WasteWater,NCWW022621,G09,10/21/2020,10,20,55,14995,3.205,3.744149766,12,300369,10,48127,3.018,3.98,12,2723387,65,Inland_City,City,Inland,mecklenburg,NA,NA,NA,NA,NA,NA,NA,NA,NA,NA,NA,NA,NA,NA,NA,NA,NA,NA,NA,NA,NA,NA,NA,NA,NA,NA,NA,NA,NA,NA,NA,NA,NA,NA,NA,NA,NA,NA,NA
NCWW022621_79,Charlotte 1,WasteWater,NCWW022621,G10,9/23/2020,9,20,55,14128,1.579,7.599746675,12,139426,10,60679,0.877,13.68,12,997790,65,Inland_City,City,Inland,mecklenburg,-80.94343,35.38233,200,12,68.685,48.72,2067.052728,0.761,0.124,0.001,0.042,0,0.052,0.072,0.724,0.094,0.966,0.555,0.042,40,33,95.3,85.1,9.1,13.7,4.19,95.3,85.1,12,5.44594115,1.065430805,30.4,28.9,8,18.09498059,34.07258065,9.435019364,9.8,7.5
NCWW022621_87,Charlotte 3,WasteWater,NCWW022621,G11,10/28/2020,10,20,50,8315,0.599,15,8.985,41575,6,36299,10.808,1.11,12,7355992,56,Inland_City,City,Inland,mecklenburg,-80.7036,35.33996,200,12,120,39.313,2067.052728,0.64,0.168,0,0.108,0,0.068,0.09,0.59,0.113,0.961,0.515,0.028,40,33,95.3,85.1,9.1,13.7,4.19,95.3,85.1,12,5.44594115,1.065430805,30.4,28.9,8,18.09498059,34.07258065,9.435019364,9.8,7.5
NCWW022621_16,Charlotte 3,WasteWater,NCWW022621,H02,11/25/2020,11,20,3,70,0.001,15,0.015,350,9,45433,0.331,15,4.97,680809,12,Inland_City,City,Inland,mecklenburg,-80.7036,35.33996,200,12,120,39.313,2067.052728,0.64,0.168,0,0.108,0,0.068,0.09,0.59,0.113,0.961,0.515,0.028,40,33,95.3,85.1,9.1,13.7,4.19,95.3,85.1,12,5.44594115,1.065430805,30.4,28.9,8,18.09498059,34.07258065,9.435019364,9.8,7.5
NCWW022621_24,Charlotte 1,WasteWater,NCWW022621,H03,11/16/2020,11,20,52,7843,2.224,5.395683453,12,109018,8,19444,0.514,15,7.71,291660,60,Inland_City,City,Inland,mecklenburg,-80.94343,35.38233,200,12,68.685,48.72,2067.052728,0.761,0.124,0.001,0.042,0,0.052,0.072,0.724,0.094,0.966,0.555,0.042,40,33,95.3,85.1,9.1,13.7,4.19,95.3,85.1,12,5.44594115,1.065430805,30.4,28.9,8,18.09498059,34.07258065,9.435019364,9.8,7.5
NCWW022621_32,Charlotte 3,WasteWater,NCWW022621,H04,12/7/2020,12,20,56,22489,0.505,15,7.575,112445,13,60700,3.416,3.51,12,3887835,69,Inland_City,City,Inland,mecklenburg,-80.7036,35.33996,200,12,120,39.313,2067.052728,0.64,0.168,0,0.108,0,0.068,0.09,0.59,0.113,0.961,0.515,0.028,40,33,95.3,85.1,9.1,13.7,4.19,95.3,85.1,12,5.44594115,1.065430805,30.4,28.9,8,18.09498059,34.07258065,9.435019364,9.8,7.5
NCWW022621_48,Charlotte 4,WasteWater,NCWW022621,H06,11/25/2020,11,20,44,6175,0.392,15,5.88,30875,7,37439,0.606,15,9.09,561585,51,Inland_City,City,Inland,mecklenburg,NA,NA,NA,NA,NA,NA,NA,NA,NA,NA,NA,NA,NA,NA,NA,NA,NA,NA,NA,NA,NA,NA,NA,NA,NA,NA,NA,NA,NA,NA,NA,NA,NA,NA,NA,NA,NA,NA,NA
NCWW022621_64,Charlotte 4,WasteWater,NCWW022621,H08,9/2/2020,9,20,41,18959,0.706,15,10.59,94795,9,63251,1.988,6.04,12,2357681,50,Inland_City,City,Inland,mecklenburg,NA,NA,NA,NA,NA,NA,NA,NA,NA,NA,NA,NA,NA,NA,NA,NA,NA,NA,NA,NA,NA,NA,NA,NA,NA,NA,NA,NA,NA,NA,NA,NA,NA,NA,NA,NA,NA,NA,NA
NCWW022621_72,Charlotte 1,WasteWater,NCWW022621,H09,10/14/2020,10,20,54,9365,2.185,5.491990847,12,127891,7,44376,0.629,15,9.44,665287,61,Inland_City,City,Inland,mecklenburg,-80.94343,35.38233,200,12,68.685,48.72,2067.052728,0.761,0.124,0.001,0.042,0,0.052,0.072,0.724,0.094,0.966,0.555,0.042,40,33,95.3,85.1,9.1,13.7,4.19,95.3,85.1,12,5.44594115,1.065430805,30.4,28.9,8,18.09498059,34.07258065,9.435019364,9.8,7.5
NCWW022621_80,Charlotte 2,WasteWater,NCWW022621,H10,10/7/2020,10,20,50,18114,0.99,12.12121212,12,112080,9,55525,0.305,15,4.58,831966,59,Inland_City,City,Inland,mecklenburg,-80.85082,35.15177,200,28,182.501,43.08,2067.052728,0.447,0.352,0.004,0.065,0,0.059,0.149,0.402,0.173,0.897,0.457,0.116,40,33,95.3,85.1,9.1,13.7,4.19,95.3,85.1,12,5.44594115,1.065430805,30.4,28.9,8,18.09498059,34.07258065,9.435019364,9.8,7.5
NCWW022621_88,Charlotte 1,WasteWater,NCWW022621,H11,11/4/2020,11,20,55,19019,0.567,15,8.505,95095,8,50107,2.049,5.86,12,1925048,63,Inland_City,City,Inland,mecklenburg,-80.94343,35.38233,200,12,68.685,48.72,2067.052728,0.761,0.124,0.001,0.042,0,0.052,0.072,0.724,0.094,0.966,0.555,0.042,40,33,95.3,85.1,9.1,13.7,4.19,95.3,85.1,12,5.44594115,1.065430805,30.4,28.9,8,18.09498059,34.07258065,9.435019364,9.8,7.5
NCWW2021_1,Beaufort,WasteWater,NCWW2021,A01,6/18/2021,6,40,NA,1703,0.375,20,7.5,3193,NA,19524,9.03,3.875968992,35,566684,NA,Coast_Town,Town,Coast,carteret,-76.6383,34.7173,0,1.5,3.5,29.322,51.48595304,0.725,0.238,0.012,0.006,0.001,0.019,0.085,0.662,0.036,0.877,0.204,0.201,5,2,94.8,86.3,11.7,12,4.03,94.8,86.3,13.8,7.066670345,32.60316839,25.8,33.5,7.5,19.72813577,21.05263158,7.377666248,7.5,11.6
NCWW2021_34,Wilmington City,WasteWater,NCWW2021,A02,6/18/2021,6,40,NA,9054,11.135,3.59,40,94515,NA,19076,18.119,1.931673933,35,1110979,NA,Coast_City,City,Coast,new hanover,-77.94805,34.16995,0,5.5,58.361,38.89,702.0894898,0.744,0.172,0.003,0.013,0.002,0.036,0.071,0.709,0.047,0.935,0.436,0.188,16,15,95.2,85,11.7,12.3,4.11,95.2,85,14.1,7.667691959,2.214963462,25.7,28.6,7.4,20.01992136,24.29906542,8.083067093,8.2,6.8
NCWW2021_38,Winston Salem,WasteWater,NCWW2021,A03,6/18/2021,6,40,NA,24258,18.193,2.2,40,413743,NA,32980,6.144,5.696614583,35,651308,NA,Inland_City,City,Inland,forsyth,-80.3145,36.03478,180,15.3,178,30.859,939.4595912,0.529,0.335,0.005,0.026,0.001,0.065,0.162,0.45,0.102,0.88,0.346,0.19,15,11,95.6,84.8,11.6,16.8,3.81,95.6,84.8,13.8,13.9335561,7.346508113,31.5,33.5,6.9,15.11170889,31.47208122,10.50322581,9.6,9.2
NCWW2021_21,Newport,WasteWater,NCWW2021,A04,6/18/2021,6,40,NA,11479,19.092,2.1,40,205460,NA,14398,14.411,2.428700298,35,666931,NA,Coast_Town,Town,Coast,carteret,-76.86373,34.78416,0,1.2,16.622,25.448,51.48595304,0.66,0.179,0.008,0.036,0.005,0.079,0.164,0.568,0.044,0.938,0.166,0.131,5,1,94.8,86.3,11.7,12,4.03,94.8,86.3,13.8,7.066670345,32.60316839,25.8,33.5,7.5,19.72813577,21.05263158,7.377666248,7.5,11.6
NCWW2021_17,Marion,WasteWater,NCWW2021,A05,6/16/2021,6,40,NA,20773,7.588,5.27,40,147774,NA,33910,32.918,1.063248071,35,3587944,NA,Inland_Town,Town,Inland,mcdowell,-82.04266,35.68481,200,3,8.459,20.812,99.03596772,0.707,0.125,0.006,0.032,0,0.076,0.179,0.633,0.14,0.757,0.161,0.219,3,1,95,83.9,13.7,15,3.22,95,83.9,15.5,2.176011987,70.30180461,23.9,30.1,7.7,18.20667449,28.57142857,8.641975309,7.9,11.2
NCWW2021_27,Charlotte 2,WasteWater,NCWW2021,A06,6/11/2021,6,40,NA,18752,13.706,2.92,40,240951,NA,22342,27.501,1.272680993,35,1974945,NA,Inland_City,City,Inland,mecklenburg,-80.85082,35.15177,200,28,182.501,43.08,2067.052728,0.447,0.352,0.004,0.065,0,0.059,0.149,0.402,0.173,0.897,0.457,0.116,40,33,95.3,85.1,9.1,13.7,4.19,95.3,85.1,12,5.44594115,1.065430805,30.4,28.9,8,18.09498059,34.07258065,9.435019364,9.8,7.5
NCWW2021_2,Beaufort,WasteWater,NCWW2021,B01,6/22/2021,6,40,NA,15483,15.351,2.61,40,222825,NA,9455,20.178,1.734562395,35,613231,NA,Coast_Town,Town,Coast,carteret,-76.6383,34.7173,0,1.5,3.5,29.322,51.48595304,0.725,0.238,0.012,0.006,0.001,0.019,0.085,0.662,0.036,0.877,0.204,0.201,5,2,94.8,86.3,11.7,12,4.03,94.8,86.3,13.8,7.066670345,32.60316839,25.8,33.5,7.5,19.72813577,21.05263158,7.377666248,7.5,11.6
NCWW2021_35,Wilmington City,WasteWater,NCWW2021,B02,6/22/2021,6,40,NA,10479,13.007,3.08,40,127782,NA,14772,14.507,2.412628386,35,688813,NA,Coast_City,City,Coast,new hanover,-77.94805,34.16995,0,5.5,58.361,38.89,702.0894898,0.744,0.172,0.003,0.013,0.002,0.036,0.071,0.709,0.047,0.935,0.436,0.188,16,15,95.2,85,11.7,12.3,4.11,95.2,85,14.1,7.667691959,2.214963462,25.7,28.6,7.4,20.01992136,24.29906542,8.083067093,8.2,6.8
NCWW2021_39,Winston Salem,WasteWater,NCWW2021,B03,6/22/2021,6,40,NA,29837,7.874,5.08,40,220253,NA,29945,14.722,2.377394376,35,1417019,NA,Inland_City,City,Inland,forsyth,-80.3145,36.03478,180,15.3,178,30.859,939.4595912,0.529,0.335,0.005,0.026,0.001,0.065,0.162,0.45,0.102,0.88,0.346,0.19,15,11,95.6,84.8,11.6,16.8,3.81,95.6,84.8,13.8,13.9335561,7.346508113,31.5,33.5,6.9,15.11170889,31.47208122,10.50322581,9.6,9.2
NCWW2021_22,Newport,WasteWater,NCWW2021,B04,6/22/2021,6,40,NA,12156,13.026,3.07,40,148448,NA,17903,11.857,2.951842793,35,682315,NA,Coast_Town,Town,Coast,carteret,-76.86373,34.78416,0,1.2,16.622,25.448,51.48595304,0.66,0.179,0.008,0.036,0.005,0.079,0.164,0.568,0.044,0.938,0.166,0.131,5,1,94.8,86.3,11.7,12,4.03,94.8,86.3,13.8,7.066670345,32.60316839,25.8,33.5,7.5,19.72813577,21.05263158,7.377666248,7.5,11.6
NCWW2021_18,Marion,WasteWater,NCWW2021,B05,6/21/2021,6,40,NA,21556,11.262,3.55,40,227591,NA,25287,25.854,1.353755705,35,2101404,NA,Inland_Town,Town,Inland,mcdowell,-82.04266,35.68481,200,3,8.459,20.812,99.03596772,0.707,0.125,0.006,0.032,0,0.076,0.179,0.633,0.14,0.757,0.161,0.219,3,1,95,83.9,13.7,15,3.22,95,83.9,15.5,2.176011987,70.30180461,23.9,30.1,7.7,18.20667449,28.57142857,8.641975309,7.9,11.2
NCWW2021_9,Greenville,WasteWater,NCWW2021,C01,6/18/2021,6,40,NA,27962,9.909,4.04,40,259758,NA,15742,25.495,1.3728182,35,1290029,NA,Inland_City,City,Inland,pitt,-77.30678,35.60849,80,17.5,89.616,28.424,264.9765643,0.525,0.392,0.003,0.025,0,0.034,0.043,0.508,0.04,0.928,0.389,0.262,5,2,95.1,85.1,13.1,20.9,3.74,95.1,85.1,16.1,3.156236291,25.43592549,38.8,39.1,7.4,16.51850136,21.10091743,10.46766033,9,10.7
NCWW2021_28,Charlotte 2,WasteWater,NCWW2021,C02,6/18/2021,6,40,NA,9555,11.262,3.55,40,100883,NA,25199,13.68,2.558479532,35,1108036,NA,Inland_City,City,Inland,mecklenburg,-80.85082,35.15177,200,28,182.501,43.08,2067.052728,0.447,0.352,0.004,0.065,0,0.059,0.149,0.402,0.173,0.897,0.457,0.116,40,33,95.3,85.1,9.1,13.7,4.19,95.3,85.1,12,5.44594115,1.065430805,30.4,28.9,8,18.09498059,34.07258065,9.435019364,9.8,7.5
NCWW2021_23,Carrboro,WasteWater,NCWW2021,C03,6/18/2021,6,40,NA,66515,4.749,8.42,40,296137,NA,34263,13.434,2.60532976,35,1479501,NA,Inland_Town,Town,Inland,orange,-77.13877,34.68317,130,14.5,78.141,43.407,369.5443599,0.67,0.153,0.006,0.085,0,0.072,0.085,0.639,0.14,0.955,0.686,0.121,7,4,95.1,90,9.5,6.6,4.48,95.1,90,10.8,8.919757209,28.53192428,20,21.8,7.9,19.30767644,35.71428571,7.514240698,7.6,6.4
NCWW2021_25,Roanoke Rapids,WasteWater,NCWW2021,C04,6/18/2021,6,40,NA,32411,15.133,2.64,40,459821,NA,22437,19.41,1.80319423,35,1399828,NA,Inland_Town,Town,Inland,halifax,-77.61094,36.43463,70,8.3,14.32,24.827,65.46888463,0.534,0.345,0.012,0.014,0.005,0.067,0.048,0.516,0.029,0.85,0.207,0.204,0,0,94.3,82.8,16,30,3.31,94.3,82.8,19.9,9.386241895,54.70552742,28.8,42.3,6.1,14.54617505,37.09677419,12.40192356,11.3,15.3
NCWW2021_11,Laurinburg,WasteWater,NCWW2021,C05,6/16/2021,6,40,NA,18057,6.175,6.48,40,104533,NA,30130,19.414,1.802822705,35,1880177,NA,Inland_Town,Town,Inland,scotland,-79.46741,34.75091,60,4,15.527,25.133,105.0944941,0.343,0.474,0.093,0.02,0,0.038,0.051,0.337,0.047,0.844,0.198,0.332,0,0,95.1,81.7,17.9,30.5,3.3,95.1,81.7,20.9,7.748698361,48.39173604,28.9,46.5,6,14.99331958,28.20512821,13.78758797,12.4,18.2
NCWW2021_10,Greenville,WasteWater,NCWW2021,D01,6/22/2021,6,40,NA,14823,13.96,2.87,40,193996,NA,17904,17.87,1.958589815,35,1028393,NA,Inland_City,City,Inland,pitt,-77.30678,35.60849,80,17.5,89.616,28.424,264.9765643,0.525,0.392,0.003,0.025,0,0.034,0.043,0.508,0.04,0.928,0.389,0.262,5,2,95.1,85.1,13.1,20.9,3.74,95.1,85.1,16.1,3.156236291,25.43592549,38.8,39.1,7.4,16.51850136,21.10091743,10.46766033,9,10.7
NCWW2021_29,Charlotte 2,WasteWater,NCWW2021,D02,6/22/2021,6,40,NA,29360,3.957,10.11,40,108916,NA,19510,6.033,5.801425493,35,378334,NA,Inland_City,City,Inland,mecklenburg,-80.85082,35.15177,200,28,182.501,43.08,2067.052728,0.447,0.352,0.004,0.065,0,0.059,0.149,0.402,0.173,0.897,0.457,0.116,40,33,95.3,85.1,9.1,13.7,4.19,95.3,85.1,12,5.44594115,1.065430805,30.4,28.9,8,18.09498059,34.07258065,9.435019364,9.8,7.5
NCWW2021_24,Carrboro,WasteWater,NCWW2021,D03,6/22/2021,6,40,NA,36890,7.518,5.32,40,260005,NA,32015,26.235,1.334095674,35,2699722,NA,Inland_Town,Town,Inland,orange,-77.13877,34.68317,130,14.5,78.141,43.407,369.5443599,0.67,0.153,0.006,0.085,0,0.072,0.085,0.639,0.14,0.955,0.686,0.121,7,4,95.1,90,9.5,6.6,4.48,95.1,90,10.8,8.919757209,28.53192428,20,21.8,7.9,19.30767644,35.71428571,7.514240698,7.6,6.4
NCWW2021_26,Roanoke Rapids,WasteWater,NCWW2021,D04,6/22/2021,6,40,NA,22928,12.482,3.2,40,268301,NA,24442,19.894,1.759324419,35,1562944,NA,Inland_Town,Town,Inland,halifax,-77.61094,36.43463,70,8.3,14.32,24.827,65.46888463,0.534,0.345,0.012,0.014,0.005,0.067,0.048,0.516,0.029,0.85,0.207,0.204,0,0,94.3,82.8,16,30,3.31,94.3,82.8,19.9,9.386241895,54.70552742,28.8,42.3,6.1,14.54617505,37.09677419,12.40192356,11.3,15.3
NCWW2021_12,Laurinburg,WasteWater,NCWW2021,D05,6/21/2021,6,40,NA,12728,6.694,5.98,40,79876,NA,22001,13.76,2.543604651,35,973073,NA,Inland_Town,Town,Inland,scotland,-79.46741,34.75091,60,4,15.527,25.133,105.0944941,0.343,0.474,0.093,0.02,0,0.038,0.051,0.337,0.047,0.844,0.198,0.332,0,0,95.1,81.7,17.9,30.5,3.3,95.1,81.7,20.9,7.748698361,48.39173604,28.9,46.5,6,14.99331958,28.20512821,13.78758797,12.4,18.2
NCWW2021_19,Raleigh,WasteWater,NCWW2021,E01,6/17/2021,6,40,NA,20146,18.458,2.17,40,348614,NA,18759,14.237,2.458383086,35,858445,NA,Inland_City,City,Inland,wake,-78.59543,35.91362,130,75,550,42.632,1346.210361,0.561,0.286,0.004,0.047,0.001,0.054,0.113,0.524,0.13,0.923,0.524,0.121,34,22,95.4,88.6,8.5,8.9,4.14,95.4,88.6,10.4,4.909421289,6.101379256,29.7,27.6,8.3,18.30917533,28.35820896,7.784080677,8.2,7
NCWW2021_13,Charlotte 1,WasteWater,NCWW2021,E02,6/18/2021,6,40,NA,12393,14.528,2.75,40,168793,NA,32333,3.336,10.49160671,35,346702,NA,Inland_City,City,Inland,mecklenburg,-80.94343,35.38233,200,12,68.685,48.72,2067.052728,0.761,0.124,0.001,0.042,0,0.052,0.072,0.724,0.094,0.966,0.555,0.042,40,33,95.3,85.1,9.1,13.7,4.19,95.3,85.1,12,5.44594115,1.065430805,30.4,28.9,8,18.09498059,34.07258065,9.435019364,9.8,7.5
NCWW2021_32,Wilson,WasteWater,NCWW2021,E03,6/18/2021,6,40,NA,68957,13.398,2.99,40,866143,NA,22397,24.851,1.408394028,35,1789032,NA,Inland_Town,Town,Inland,wilson,-77.9041,35.73307,70,14,49.384,25.927,211.6211463,0.396,0.484,0.004,0.014,0,0.029,0.114,0.369,0.067,0.823,0.223,0.213,0,0,94.1,81.3,13.7,23.1,3.51,94.1,81.3,17.8,1.108657917,38.66115173,25.7,33,7.2,16.18093381,23.94366197,11.38162808,8.4,12.1
NCWW2021_5,Fayetteville,WasteWater,NCWW2021,E04,6/18/2021,6,40,NA,20794,16.327,2.45,40,318285,NA,18454,13.428,2.606493893,35,796501,NA,Inland_City,City,Inland,cumberland,-78.89531,35.0688,60,21,151.589,27.223,519.1212872,0.408,0.425,0.009,0.031,0.005,0.087,0.129,0.353,0.078,0.925,0.276,0.191,5,4,95.8,84.8,14.1,23,3.62,95.8,84.8,16.9,12.83045921,13.36814523,37.1,32,6.3,16.90626439,29.56521739,10.05286892,12.2,11.9
NCWW2021_36,Hanover County,WasteWater,NCWW2021,E05,6/18/2021,6,40,NA,15447,5.502,7.27,40,79678,NA,25691,10.701,3.270722362,35,883669,NA,Coast_City,City,Coast,new hanover,-77.94604,34.25674,0,10.5,67.743,39.934,702.0894898,0.826,0.127,0.006,0.016,0.001,0.024,0.064,0.774,0.049,0.938,0.428,0.119,16,15,95.2,85,11.7,12.3,4.11,95.2,85,14.1,7.667691959,2.214963462,25.7,28.6,7.4,20.01992136,24.29906542,8.083067093,8.2,6.8
NCWW2021_20,Raleigh,WasteWater,NCWW2021,F01,6/22/2021,6,40,NA,21605,18.727,2.14,40,379310,NA,13578,15.782,2.217716386,35,688783,NA,Inland_City,City,Inland,wake,-78.59543,35.91362,130,75,550,42.632,1346.210361,0.561,0.286,0.004,0.047,0.001,0.054,0.113,0.524,0.13,0.923,0.524,0.121,34,22,95.4,88.6,8.5,8.9,4.14,95.4,88.6,10.4,4.909421289,6.101379256,29.7,27.6,8.3,18.30917533,28.35820896,7.784080677,8.2,7
NCWW2021_14,Charlotte 1,WasteWater,NCWW2021,F02,6/22/2021,6,40,NA,10773,12.917,3.1,40,130458,NA,5187,0.876,20,17.52,29177,NA,Inland_City,City,Inland,mecklenburg,-80.94343,35.38233,200,12,68.685,48.72,2067.052728,0.761,0.124,0.001,0.042,0,0.052,0.072,0.724,0.094,0.966,0.555,0.042,40,33,95.3,85.1,9.1,13.7,4.19,95.3,85.1,12,5.44594115,1.065430805,30.4,28.9,8,18.09498059,34.07258065,9.435019364,9.8,7.5
NCWW2021_33,Wilson,WasteWater,NCWW2021,F03,6/22/2021,6,40,NA,56501,2.833,13.87,40,150063,NA,13132,29.429,1.189303068,35,1242198,NA,Inland_Town,Town,Inland,wilson,-77.9041,35.73307,70,14,49.384,25.927,211.6211463,0.396,0.484,0.004,0.014,0,0.029,0.114,0.369,0.067,0.823,0.223,0.213,0,0,94.1,81.3,13.7,23.1,3.51,94.1,81.3,17.8,1.108657917,38.66115173,25.7,33,7.2,16.18093381,23.94366197,11.38162808,8.4,12.1
NCWW2021_6,Fayetteville,WasteWater,NCWW2021,F04,6/22/2021,6,40,NA,16771,8.67,4.61,40,136317,NA,15320,14.944,2.342077088,35,735885,NA,Inland_City,City,Inland,cumberland,-78.89531,35.0688,60,21,151.589,27.223,519.1212872,0.408,0.425,0.009,0.031,0.005,0.087,0.129,0.353,0.078,0.925,0.276,0.191,5,4,95.8,84.8,14.1,23,3.62,95.8,84.8,16.9,12.83045921,13.36814523,37.1,32,6.3,16.90626439,29.56521739,10.05286892,12.2,11.9
NCWW2021_37,Hanover County,WasteWater,NCWW2021,F05,6/22/2021,6,40,NA,17547,5.928,6.75,40,97517,NA,18110,12.731,2.749194879,35,741081,NA,Coast_City,City,Coast,new hanover,-77.94604,34.25674,0,10.5,67.743,39.934,702.0894898,0.826,0.127,0.006,0.016,0.001,0.024,0.064,0.774,0.049,0.938,0.428,0.119,16,15,95.2,85,11.7,12.3,4.11,95.2,85,14.1,7.667691959,2.214963462,25.7,28.6,7.4,20.01992136,24.29906542,8.083067093,8.2,6.8
NCWW2021_30,Durham,WasteWater,NCWW2021,G01,6/18/2021,6,40,NA,24273,18.864,2.12,40,429268,NA,10675,8.002,4.373906523,35,274569,NA,Inland_City,City,Inland,durham,-78.98196,35.90301,130,20,108.105,39.496,1112.460167,0.47,0.372,0.004,0.053,0.001,0.062,0.132,0.406,0.146,0.906,0.528,0.135,9,9,94.1,84.1,9.6,15.3,3.99,94.1,84.1,13.5,7.460457973,5.627702392,29.1,28.3,7.5,16.24367761,25.35211268,8.742599569,9.2,8
NCWW2021_15,Charlotte 3,WasteWater,NCWW2021,G02,6/18/2021,6,40,NA,9957,9.52,4.2,40,88866,NA,17275,5.746,6.091193874,35,319057,NA,Inland_City,City,Inland,mecklenburg,-80.7036,35.33996,200,12,120,39.313,2067.052728,0.64,0.168,0,0.108,0,0.068,0.09,0.59,0.113,0.961,0.515,0.028,40,33,95.3,85.1,9.1,13.7,4.19,95.3,85.1,12,5.44594115,1.065430805,30.4,28.9,8,18.09498059,34.07258065,9.435019364,9.8,7.5
NCWW2021_7,Greensboro,WasteWater,NCWW2021,G03,6/18/2021,6,40,NA,25262,17.789,2.25,40,421299,NA,25077,18.824,1.859328517,35,1517302,NA,Inland_City,City,Inland,guilford,-79.73713,36.10741,180,18,135.821,31.812,829.4988866,0.436,0.431,0.004,0.053,0.001,0.044,0.084,0.395,0.121,0.902,0.395,0.174,12,8,95.6,85.3,11,17.8,3.78,95.6,85.3,13.9,8.332821685,12.69435674,34.9,34.9,7.3,17.24820848,31.35313531,9.672612118,8.9,9.3
NCWW2021_3,Asheville,WasteWater,NCWW2021,G04,6/18/2021,6,40,NA,19128,8.046,4.97,40,144285,NA,19798,13.582,2.576940068,35,864310,NA,Inland_City,City,Inland,buncombe,-82.59798,35.63957,200,40,173,36.057,411.4566249,0.894,0.061,0.006,0.015,0.002,0.023,0.075,0.827,0.062,0.919,0.423,0.117,40,29,94.7,82.7,11.9,11.8,4.26,94.7,82.7,12.4,7.993473178,24.07959114,26.5,24.2,7.7,18.40160936,25.47770701,8.363309353,7,6.1
NCWW2021_31,Durham,WasteWater,NCWW2021,H01,6/22/2021,6,40,NA,19819,17.952,2.23,40,333554,NA,6744,4.859,7.203128216,35,105329,NA,Inland_City,City,Inland,durham,-78.98196,35.90301,130,20,108.105,39.496,1112.460167,0.47,0.372,0.004,0.053,0.001,0.062,0.132,0.406,0.146,0.906,0.528,0.135,9,9,94.1,84.1,9.6,15.3,3.99,94.1,84.1,13.5,7.460457973,5.627702392,29.1,28.3,7.5,16.24367761,25.35211268,8.742599569,9.2,8
NCWW2021_16,Charlotte 3,WasteWater,NCWW2021,H02,6/22/2021,6,40,NA,17602,5.184,7.72,40,85546,NA,17732,4.926,7.105156313,35,280761,NA,Inland_City,City,Inland,mecklenburg,-80.7036,35.33996,200,12,120,39.313,2067.052728,0.64,0.168,0,0.108,0,0.068,0.09,0.59,0.113,0.961,0.515,0.028,40,33,95.3,85.1,9.1,13.7,4.19,95.3,85.1,12,5.44594115,1.065430805,30.4,28.9,8,18.09498059,34.07258065,9.435019364,9.8,7.5
NCWW2021_8,Greensboro,WasteWater,NCWW2021,H03,6/22/2021,6,40,NA,24924,15.956,2.51,40,372832,NA,11016,9.702,3.607503608,35,343534,NA,Inland_City,City,Inland,guilford,-79.73713,36.10741,180,18,135.821,31.812,829.4988866,0.436,0.431,0.004,0.053,0.001,0.044,0.084,0.395,0.121,0.902,0.395,0.174,12,8,95.6,85.3,11,17.8,3.78,95.6,85.3,13.9,8.332821685,12.69435674,34.9,34.9,7.3,17.24820848,31.35313531,9.672612118,8.9,9.3
NCWW2021_4,Asheville,WasteWater,NCWW2021,H04,6/22/2021,6,40,NA,21225,15.811,2.53,40,314614,NA,16813,15.408,2.271547248,35,832676,NA,Inland_City,City,Inland,buncombe,-82.59798,35.63957,200,40,173,36.057,411.4566249,0.894,0.061,0.006,0.015,0.002,0.023,0.075,0.827,0.062,0.919,0.423,0.117,40,29,94.7,82.7,11.9,11.8,4.26,94.7,82.7,12.4,7.993473178,24.07959114,26.5,24.2,7.7,18.40160936,25.47770701,8.363309353,7,6.1
